<ImportExportXml xmlns:xsi="http://www.w3.org/2001/XMLSchema-instance">
  <Entities></Entities>
  <Roles>
    <Role id="{c716a58f-f0bd-e511-80ec-3863bb35ddb8}" name="*NHTSA ROPD">
      <IsCustomizable>1</IsCustomizable>
      <RolePrivileges>
        <RolePrivilege name="prvActivateBusinessProcessFlow" level="Global" />
        <RolePrivilege name="prvActivateBusinessRule" level="Global" />
        <RolePrivilege name="prvActivateSynchronousWorkflow" level="Global" />
        <RolePrivilege name="prvActOnBehalfOfAnotherUser" level="Global" />
        <RolePrivilege name="prvAddressBook" level="Global" />
        <RolePrivilege name="prvAdminFilter" level="Global" />
        <RolePrivilege name="prvAppendAccount" level="Global" />
        <RolePrivilege name="prvAppendActivity" level="Deep" />
        <RolePrivilege name="prvAppendArticle" level="Global" />
        <RolePrivilege name="prvAppendBusinessUnit" level="Local" />
        <RolePrivilege name="prvAppendChannelPropertyGroup" level="Global" />
        <RolePrivilege name="prvAppendConnection" level="Global" />
        <RolePrivilege name="prvAppendConnectionRole" level="Global" />
        <RolePrivilege name="prvAppendContact" level="Global" />
        <RolePrivilege name="prvAppendConvertRule" level="Global" />
        <RolePrivilege name="prvAppendDocumentTemplate" level="Global" />
        <RolePrivilege name="prvAppendDuplicateRule" level="Local" />
        <RolePrivilege name="prvAppendEmailServerProfile" level="Global" />
        <RolePrivilege name="prvAppendEmailTemplate" level="Deep" />
        <RolePrivilege name="prvAppendFieldSecurityProfile" level="Global" />
        <RolePrivilege name="prvAppendImport" level="Local" />
        <RolePrivilege name="prvAppendImportFile" level="Local" />
        <RolePrivilege name="prvAppendImportMap" level="Local" />
        <RolePrivilege name="prvAppendIncident" level="Global" />
        <RolePrivilege name="prvAppendKnowledgeArticle" level="Global" />
        <RolePrivilege name="prvAppendKnowledgeArticleViews" level="Global" />
        <RolePrivilege name="prvAppendKnowledgeBaseRecord" level="Global" />
        <RolePrivilege name="prvAppendMailbox" level="Global" />
        <RolePrivilege name="prvAppendMailboxTrackingFolder" level="Global" />
        <RolePrivilege name="prvAppendMailMergeTemplate" level="Global" />
        <RolePrivilege name="prvAppendmsdyn_PostAlbum" level="Global" />
        <RolePrivilege name="prvAppendmsdyn_PostConfig" level="Global" />
        <RolePrivilege name="prvAppendmsdyn_PostRuleConfig" level="Global" />
        <RolePrivilege name="prvAppendmsdyn_wallsavedquery" level="Global" />
        <RolePrivilege name="prvAppendmsdyn_wallsavedqueryusersettings" level="Global" />
        <RolePrivilege name="prvAppendnew_ApplicationConfiguration" level="Global" />
        <RolePrivilege name="prvAppendnew_Recommendation" level="Global" />
        <RolePrivilege name="prvAppendNote" level="Global" />
        <RolePrivilege name="prvAppendPersonalDocumentTemplate" level="Basic" />
        <RolePrivilege name="prvAppendPosition" level="Global" />
        <RolePrivilege name="prvAppendPost" level="Global" />
        <RolePrivilege name="prvAppendPostFollow" level="Local" />
        <RolePrivilege name="prvAppendPrincipalObjectAttributeAccess" level="Global" />
        <RolePrivilege name="prvAppendQueue" level="Deep" />
        <RolePrivilege name="prvAppendReport" level="Global" />
        <RolePrivilege name="prvAppendRoutingRule" level="Global" />
        <RolePrivilege name="prvAppendSharePointDocumentLocation" level="Global" />
        <RolePrivilege name="prvAppendSharePointSite" level="Global" />
        <RolePrivilege name="prvAppendSocialProfile" level="Basic" />
        <RolePrivilege name="prvAppendSubject" level="Global" />
        <RolePrivilege name="prvAppendTeam" level="Global" />
        <RolePrivilege name="prvAppendToAccount" level="Global" />
        <RolePrivilege name="prvAppendToActivity" level="Deep" />
        <RolePrivilege name="prvAppendToArticle" level="Global" />
        <RolePrivilege name="prvAppendToArticleTemplate" level="Global" />
        <RolePrivilege name="prvAppendToAsyncOperation" level="Local" />
        <RolePrivilege name="prvAppendToBusinessUnit" level="Local" />
        <RolePrivilege name="prvAppendToConnection" level="Global" />
        <RolePrivilege name="prvAppendToConnectionRole" level="Global" />
        <RolePrivilege name="prvAppendToContact" level="Global" />
        <RolePrivilege name="prvAppendToConvertRule" level="Global" />
        <RolePrivilege name="prvAppendToDocumentTemplate" level="Global" />
        <RolePrivilege name="prvAppendToDuplicateRule" level="Local" />
        <RolePrivilege name="prvAppendToEmailServerProfile" level="Global" />
        <RolePrivilege name="prvAppendToEmailTemplate" level="Deep" />
        <RolePrivilege name="prvAppendToFieldSecurityProfile" level="Global" />
        <RolePrivilege name="prvAppendToImport" level="Local" />
        <RolePrivilege name="prvAppendToImportFile" level="Local" />
        <RolePrivilege name="prvAppendToImportMap" level="Local" />
        <RolePrivilege name="prvAppendToIncident" level="Global" />
        <RolePrivilege name="prvAppendToKnowledgeArticle" level="Global" />
        <RolePrivilege name="prvAppendToKnowledgeArticleViews" level="Global" />
        <RolePrivilege name="prvAppendToKnowledgeBaseRecord" level="Global" />
        <RolePrivilege name="prvAppendToMailbox" level="Global" />
        <RolePrivilege name="prvAppendToMailboxTrackingFolder" level="Global" />
        <RolePrivilege name="prvAppendToMailMergeTemplate" level="Global" />
        <RolePrivilege name="prvAppendTomsdyn_PostAlbum" level="Global" />
        <RolePrivilege name="prvAppendTomsdyn_PostConfig" level="Global" />
        <RolePrivilege name="prvAppendTomsdyn_PostRuleConfig" level="Global" />
        <RolePrivilege name="prvAppendTomsdyn_wallsavedquery" level="Global" />
        <RolePrivilege name="prvAppendTomsdyn_wallsavedqueryusersettings" level="Global" />
        <RolePrivilege name="prvAppendTonew_ApplicationConfiguration" level="Global" />
        <RolePrivilege name="prvAppendTonew_Recommendation" level="Global" />
        <RolePrivilege name="prvAppendToNote" level="Global" />
        <RolePrivilege name="prvAppendToPersonalDocumentTemplate" level="Basic" />
        <RolePrivilege name="prvAppendToPosition" level="Global" />
        <RolePrivilege name="prvAppendToPost" level="Global" />
        <RolePrivilege name="prvAppendToPrincipalObjectAttributeAccess" level="Global" />
        <RolePrivilege name="prvAppendToQueue" level="Deep" />
        <RolePrivilege name="prvAppendToReport" level="Global" />
        <RolePrivilege name="prvAppendToRoutingRule" level="Global" />
        <RolePrivilege name="prvAppendToSharePointDocumentLocation" level="Global" />
        <RolePrivilege name="prvAppendToSharePointSite" level="Global" />
        <RolePrivilege name="prvAppendToSocialProfile" level="Basic" />
        <RolePrivilege name="prvAppendToSubject" level="Global" />
        <RolePrivilege name="prvAppendToTeam" level="Global" />
        <RolePrivilege name="prvAppendToTraceLog" level="Global" />
        <RolePrivilege name="prvAppendToTransactionCurrency" level="Global" />
        <RolePrivilege name="prvAppendToUser" level="Global" />
        <RolePrivilege name="prvAppendToUserSettings" level="Local" />
        <RolePrivilege name="prvAppendTowf_AdviceOfFunds" level="Global" />
        <RolePrivilege name="prvAppendTowf_ApplicationReview" level="Deep" />
        <RolePrivilege name="prvAppendTowf_Approval" level="Global" />
        <RolePrivilege name="prvAppendTowf_AwardFunding" level="Global" />
        <RolePrivilege name="prvAppendTowf_AwardPackage" level="Deep" />
        <RolePrivilege name="prvAppendTowf_AwardsLetter" level="Local" />
        <RolePrivilege name="prvAppendTowf_Checklist405B" level="Global" />
        <RolePrivilege name="prvAppendTowf_Checklist405C" level="Global" />
        <RolePrivilege name="prvAppendTowf_Checklist405D" level="Global" />
        <RolePrivilege name="prvAppendTowf_Checklist405E" level="Global" />
        <RolePrivilege name="prvAppendTowf_Checklist405F" level="Global" />
        <RolePrivilege name="prvAppendTowf_Checklist405G" level="Global" />
        <RolePrivilege name="prvAppendTowf_Concurrence" level="Deep" />
        <RolePrivilege name="prvAppendTowf_Condition" level="Global" />
        <RolePrivilege name="prvAppendTowf_ContentReviewGuide" level="Deep" />
        <RolePrivilege name="prvAppendTowf_CorrectiveMeasure" level="Global" />
        <RolePrivilege name="prvAppendTowf_crgsection1" level="Global" />
        <RolePrivilege name="prvAppendTowf_CrgSection2" level="Global" />
        <RolePrivilege name="prvAppendTowf_CrgSection3" level="Global" />
        <RolePrivilege name="prvAppendTowf_CrgSection4" level="Global" />
        <RolePrivilege name="prvAppendTowf_FiscalYear" level="Global" />
        <RolePrivilege name="prvAppendTowf_FundingAllocation" level="Global" />
        <RolePrivilege name="prvAppendTowf_FundingSource" level="Global" />
        <RolePrivilege name="prvAppendTowf_GrantType" level="Global" />
        <RolePrivilege name="prvAppendTowf_HighwaySafetyPlan" level="Global" />
        <RolePrivilege name="prvAppendTowf_NhtsaGrantApplication" level="Deep" />
        <RolePrivilege name="prvAppendTowf_PerformanceData" level="Global" />
        <RolePrivilege name="prvAppendTowf_PerformanceGoal" level="Global" />
        <RolePrivilege name="prvAppendTowf_PerformanceMeasure" level="Global" />
        <RolePrivilege name="prvAppendTowf_ProblemArea" level="Global" />
        <RolePrivilege name="prvAppendTowf_ProblemAreaType" level="Global" />
        <RolePrivilege name="prvAppendTowf_ProgramArea" level="Global" />
        <RolePrivilege name="prvAppendTowf_Project" level="Global" />
        <RolePrivilege name="prvAppendTowf_SpendingRule" level="Global" />
        <RolePrivilege name="prvAppendTowf_StateAllotment" level="Global" />
        <RolePrivilege name="prvAppendTowf_StateApportionment" level="Global" />
        <RolePrivilege name="prvAppendTowf_StateAwardDeterminationCalculator" level="Global" />
        <RolePrivilege name="prvAppendTowf_StateCode" level="Global" />
        <RolePrivilege name="prvAppendTowf_StatePortfolio" level="Global" />
        <RolePrivilege name="prvAppendTowf_Voucher" level="Global" />
        <RolePrivilege name="prvAppendToWorkflow" level="Global" />
        <RolePrivilege name="prvAppendToWorkflowSession" level="Global" />
        <RolePrivilege name="prvAppendTraceLog" level="Global" />
        <RolePrivilege name="prvAppendTransactionCurrency" level="Global" />
        <RolePrivilege name="prvAppendUser" level="Global" />
        <RolePrivilege name="prvAppendwf_AdviceOfFunds" level="Global" />
        <RolePrivilege name="prvAppendwf_ApplicationReview" level="Deep" />
        <RolePrivilege name="prvAppendwf_Approval" level="Global" />
        <RolePrivilege name="prvAppendwf_AwardFunding" level="Global" />
        <RolePrivilege name="prvAppendwf_AwardPackage" level="Deep" />
        <RolePrivilege name="prvAppendwf_AwardsLetter" level="Local" />
        <RolePrivilege name="prvAppendwf_Checklist405B" level="Global" />
        <RolePrivilege name="prvAppendwf_Checklist405C" level="Global" />
        <RolePrivilege name="prvAppendwf_Checklist405D" level="Global" />
        <RolePrivilege name="prvAppendwf_Checklist405E" level="Global" />
        <RolePrivilege name="prvAppendwf_Checklist405F" level="Global" />
        <RolePrivilege name="prvAppendwf_Checklist405G" level="Global" />
        <RolePrivilege name="prvAppendwf_Concurrence" level="Deep" />
        <RolePrivilege name="prvAppendwf_Condition" level="Global" />
        <RolePrivilege name="prvAppendwf_ContentReviewGuide" level="Deep" />
        <RolePrivilege name="prvAppendwf_CorrectiveMeasure" level="Global" />
        <RolePrivilege name="prvAppendwf_crgsection1" level="Global" />
        <RolePrivilege name="prvAppendwf_CrgSection2" level="Global" />
        <RolePrivilege name="prvAppendwf_CrgSection3" level="Global" />
        <RolePrivilege name="prvAppendwf_CrgSection4" level="Global" />
        <RolePrivilege name="prvAppendwf_FiscalYear" level="Global" />
        <RolePrivilege name="prvAppendwf_FundingAllocation" level="Global" />
        <RolePrivilege name="prvAppendwf_FundingSource" level="Global" />
        <RolePrivilege name="prvAppendwf_GrantType" level="Global" />
        <RolePrivilege name="prvAppendwf_HighwaySafetyPlan" level="Global" />
        <RolePrivilege name="prvAppendwf_NhtsaGrantApplication" level="Deep" />
        <RolePrivilege name="prvAppendwf_PerformanceData" level="Global" />
        <RolePrivilege name="prvAppendwf_PerformanceGoal" level="Global" />
        <RolePrivilege name="prvAppendwf_PerformanceMeasure" level="Global" />
        <RolePrivilege name="prvAppendwf_ProblemArea" level="Global" />
        <RolePrivilege name="prvAppendwf_ProblemAreaType" level="Global" />
        <RolePrivilege name="prvAppendwf_ProgramArea" level="Global" />
        <RolePrivilege name="prvAppendwf_Project" level="Global" />
        <RolePrivilege name="prvAppendwf_SpendingRule" level="Global" />
        <RolePrivilege name="prvAppendwf_StateAllotment" level="Global" />
        <RolePrivilege name="prvAppendwf_StateApportionment" level="Global" />
        <RolePrivilege name="prvAppendwf_StateAwardDeterminationCalculator" level="Global" />
        <RolePrivilege name="prvAppendwf_StateCode" level="Global" />
        <RolePrivilege name="prvAppendwf_StatePortfolio" level="Global" />
        <RolePrivilege name="prvAppendwf_Voucher" level="Global" />
        <RolePrivilege name="prvAppendWorkflow" level="Global" />
        <RolePrivilege name="prvAppendWorkflowSession" level="Global" />
        <RolePrivilege name="prvApproveKnowledgeArticle" level="Global" />
        <RolePrivilege name="prvApproveRejectEmailAddress" level="Local" />
        <RolePrivilege name="prvAssignAccount" level="Global" />
        <RolePrivilege name="prvAssignActivity" level="Deep" />
        <RolePrivilege name="prvAssignAsyncOperation" level="Local" />
        <RolePrivilege name="prvAssignConnection" level="Local" />
        <RolePrivilege name="prvAssignContact" level="Global" />
        <RolePrivilege name="prvAssignConvertRule" level="Global" />
        <RolePrivilege name="prvAssignDuplicateRule" level="Local" />
        <RolePrivilege name="prvAssignEmailServerProfile" level="Global" />
        <RolePrivilege name="prvAssignEmailTemplate" level="Deep" />
        <RolePrivilege name="prvAssignImport" level="Local" />
        <RolePrivilege name="prvAssignImportFile" level="Local" />
        <RolePrivilege name="prvAssignImportMap" level="Local" />
        <RolePrivilege name="prvAssignIncident" level="Global" />
        <RolePrivilege name="prvAssignKnowledgeArticle" level="Global" />
        <RolePrivilege name="prvAssignKnowledgeArticleViews" level="Global" />
        <RolePrivilege name="prvAssignMailbox" level="Global" />
        <RolePrivilege name="prvAssignMailboxTrackingFolder" level="Global" />
        <RolePrivilege name="prvAssignMailMergeTemplate" level="Global" />
        <RolePrivilege name="prvAssignManager" level="Local" />
        <RolePrivilege name="prvAssignmsdyn_PostAlbum" level="Global" />
        <RolePrivilege name="prvAssignmsdyn_wallsavedqueryusersettings" level="Global" />
        <RolePrivilege name="prvAssignNote" level="Global" />
        <RolePrivilege name="prvAssignPersonalDocumentTemplate" level="Global" />
        <RolePrivilege name="prvAssignPosition" level="Global" />
        <RolePrivilege name="prvAssignQueue" level="Deep" />
        <RolePrivilege name="prvAssignReport" level="Global" />
        <RolePrivilege name="prvAssignRoutingRule" level="Global" />
        <RolePrivilege name="prvAssignSharePointDocumentLocation" level="Local" />
        <RolePrivilege name="prvAssignSharePointSite" level="Basic" />
        <RolePrivilege name="prvAssignSocialProfile" level="Basic" />
        <RolePrivilege name="prvAssignUserEntityInstanceData" level="Basic" />
        <RolePrivilege name="prvAssignUserForm" level="Basic" />
        <RolePrivilege name="prvAssignUserQuery" level="Basic" />
        <RolePrivilege name="prvAssignUserQueryVisualizations" level="Basic" />
        <RolePrivilege name="prvAssignwf_AdviceOfFunds" level="Global" />
        <RolePrivilege name="prvAssignwf_ApplicationReview" level="Deep" />
        <RolePrivilege name="prvAssignwf_Approval" level="Global" />
        <RolePrivilege name="prvAssignwf_AwardFunding" level="Global" />
        <RolePrivilege name="prvAssignwf_AwardPackage" level="Deep" />
        <RolePrivilege name="prvAssignwf_AwardsLetter" level="Basic" />
        <RolePrivilege name="prvAssignwf_Checklist405B" level="Global" />
        <RolePrivilege name="prvAssignwf_Checklist405C" level="Global" />
        <RolePrivilege name="prvAssignwf_Checklist405D" level="Global" />
        <RolePrivilege name="prvAssignwf_Checklist405E" level="Global" />
        <RolePrivilege name="prvAssignwf_Checklist405F" level="Global" />
        <RolePrivilege name="prvAssignwf_Checklist405G" level="Global" />
        <RolePrivilege name="prvAssignwf_Concurrence" level="Deep" />
        <RolePrivilege name="prvAssignwf_Condition" level="Global" />
        <RolePrivilege name="prvAssignwf_ContentReviewGuide" level="Deep" />
        <RolePrivilege name="prvAssignwf_CorrectiveMeasure" level="Global" />
        <RolePrivilege name="prvAssignwf_crgsection1" level="Global" />
        <RolePrivilege name="prvAssignwf_CrgSection2" level="Global" />
        <RolePrivilege name="prvAssignwf_CrgSection3" level="Global" />
        <RolePrivilege name="prvAssignwf_CrgSection4" level="Global" />
        <RolePrivilege name="prvAssignwf_FundingAllocation" level="Global" />
        <RolePrivilege name="prvAssignwf_NhtsaGrantApplication" level="Deep" />
        <RolePrivilege name="prvAssignwf_PerformanceData" level="Global" />
        <RolePrivilege name="prvAssignwf_PerformanceGoal" level="Global" />
        <RolePrivilege name="prvAssignwf_PerformanceMeasure" level="Global" />
        <RolePrivilege name="prvAssignwf_SpendingRule" level="Global" />
        <RolePrivilege name="prvAssignwf_StateAllotment" level="Global" />
        <RolePrivilege name="prvAssignwf_StateApportionment" level="Global" />
        <RolePrivilege name="prvAssignwf_StateAwardDeterminationCalculator" level="Global" />
        <RolePrivilege name="prvAssignwf_StatePortfolio" level="Global" />
        <RolePrivilege name="prvAssignwf_Voucher" level="Global" />
        <RolePrivilege name="prvAssignWorkflow" level="Local" />
        <RolePrivilege name="prvAssignWorkflowSession" level="Local" />
        <RolePrivilege name="prvBulkEdit" level="Global" />
        <RolePrivilege name="prvCreateActivity" level="Basic" />
        <RolePrivilege name="prvCreateApplicationFile" level="Global" />
        <RolePrivilege name="prvCreateArticle" level="Global" />
        <RolePrivilege name="prvCreateArticleTemplate" level="Global" />
        <RolePrivilege name="prvCreateConnection" level="Local" />
        <RolePrivilege name="prvCreateContact" level="Local" />
        <RolePrivilege name="prvCreateConvertRule" level="Global" />
        <RolePrivilege name="prvCreateDocumentTemplate" level="Global" />
        <RolePrivilege name="prvCreateDuplicateRule" level="Local" />
        <RolePrivilege name="prvCreateEmailTemplate" level="Deep" />
        <RolePrivilege name="prvCreateExchangeSyncIdMapping" level="Basic" />
        <RolePrivilege name="prvCreateImport" level="Local" />
        <RolePrivilege name="prvCreateImportFile" level="Local" />
        <RolePrivilege name="prvCreateImportMap" level="Local" />
        <RolePrivilege name="prvCreateIncident" level="Basic" />
        <RolePrivilege name="prvCreateKnowledgeArticle" level="Global" />
        <RolePrivilege name="prvCreateKnowledgeArticleViews" level="Global" />
        <RolePrivilege name="prvCreateKnowledgeBaseRecord" level="Global" />
        <RolePrivilege name="prvCreateMailboxTrackingFolder" level="Basic" />
        <RolePrivilege name="prvCreateMailMergeTemplate" level="Global" />
        <RolePrivilege name="prvCreatemsdyn_PostAlbum" level="Global" />
        <RolePrivilege name="prvCreatemsdyn_PostConfig" level="Global" />
        <RolePrivilege name="prvCreatemsdyn_PostRuleConfig" level="Global" />
        <RolePrivilege name="prvCreatemsdyn_wallsavedquery" level="Global" />
        <RolePrivilege name="prvCreatenew_Recommendation" level="Global" />
        <RolePrivilege name="prvCreateNote" level="Basic" />
        <RolePrivilege name="prvCreateOrgEmailTemplates" level="Global" />
        <RolePrivilege name="prvCreatePersonalDocumentTemplate" level="Basic" />
        <RolePrivilege name="prvCreatePost" level="Global" />
        <RolePrivilege name="prvCreatePostFollow" level="Basic" />
        <RolePrivilege name="prvCreatePrincipalObjectAttributeAccess" level="Global" />
        <RolePrivilege name="prvCreateQuery" level="Global" />
        <RolePrivilege name="prvCreateQueue" level="Deep" />
        <RolePrivilege name="prvCreateReport" level="Global" />
        <RolePrivilege name="prvCreateRoutingRule" level="Global" />
        <RolePrivilege name="prvCreateSavedQueryVisualizations" level="Global" />
        <RolePrivilege name="prvCreateSharePointData" level="Global" />
        <RolePrivilege name="prvCreateSharePointDocumentLocation" level="Global" />
        <RolePrivilege name="prvCreateSharePointSite" level="Global" />
        <RolePrivilege name="prvCreateSocialProfile" level="Basic" />
        <RolePrivilege name="prvCreateSubject" level="Global" />
        <RolePrivilege name="prvCreateTraceLog" level="Global" />
        <RolePrivilege name="prvCreateUserApplicationMetadata" level="Basic" />
        <RolePrivilege name="prvCreateUserEntityInstanceData" level="Basic" />
        <RolePrivilege name="prvCreateUserEntityUISettings" level="Basic" />
        <RolePrivilege name="prvCreateUserForm" level="Basic" />
        <RolePrivilege name="prvCreateUserQuery" level="Basic" />
        <RolePrivilege name="prvCreateUserQueryVisualizations" level="Basic" />
        <RolePrivilege name="prvCreateWebWizard" level="Global" />
        <RolePrivilege name="prvCreatewf_ApplicationReview" level="Basic" />
        <RolePrivilege name="prvCreatewf_Approval" level="Basic" />
        <RolePrivilege name="prvCreatewf_AwardPackage" level="Basic" />
        <RolePrivilege name="prvCreatewf_AwardsLetter" level="Basic" />
        <RolePrivilege name="prvCreatewf_Checklist405B" level="Basic" />
        <RolePrivilege name="prvCreatewf_Checklist405C" level="Basic" />
        <RolePrivilege name="prvCreatewf_Checklist405D" level="Basic" />
        <RolePrivilege name="prvCreatewf_Checklist405E" level="Basic" />
        <RolePrivilege name="prvCreatewf_Checklist405F" level="Basic" />
        <RolePrivilege name="prvCreatewf_Checklist405G" level="Basic" />
        <RolePrivilege name="prvCreatewf_Concurrence" level="Basic" />
        <RolePrivilege name="prvCreatewf_Condition" level="Basic" />
        <RolePrivilege name="prvCreatewf_ContentReviewGuide" level="Basic" />
        <RolePrivilege name="prvCreatewf_crgsection1" level="Basic" />
        <RolePrivilege name="prvCreatewf_CrgSection2" level="Basic" />
        <RolePrivilege name="prvCreatewf_CrgSection3" level="Basic" />
        <RolePrivilege name="prvCreatewf_CrgSection4" level="Basic" />
        <RolePrivilege name="prvCreatewf_DisplayHQ" level="Global" />
        <RolePrivilege name="prvCreatewf_DisplayRegion" level="Global" />
        <RolePrivilege name="prvCreatewf_SpendingRule" level="Basic" />
        <RolePrivilege name="prvCreatewf_StatePortfolio" level="Basic" />
        <RolePrivilege name="prvCreateWizardAccessPrivilege" level="Global" />
        <RolePrivilege name="prvCreateWizardPage" level="Global" />
        <RolePrivilege name="prvCreateWorkflow" level="Local" />
        <RolePrivilege name="prvCreateWorkflowSession" level="Local" />
        <RolePrivilege name="prvDeleteAccount" level="Basic" />
        <RolePrivilege name="prvDeleteActivity" level="Deep" />
        <RolePrivilege name="prvDeleteApplicationFile" level="Global" />
        <RolePrivilege name="prvDeleteArticle" level="Global" />
        <RolePrivilege name="prvDeleteArticleTemplate" level="Global" />
        <RolePrivilege name="prvDeleteAsyncOperation" level="Local" />
        <RolePrivilege name="prvDeleteConnection" level="Local" />
        <RolePrivilege name="prvDeleteConnectionRole" level="Global" />
        <RolePrivilege name="prvDeleteContact" level="Local" />
        <RolePrivilege name="prvDeleteConvertRule" level="Global" />
        <RolePrivilege name="prvDeleteDuplicateRule" level="Local" />
        <RolePrivilege name="prvDeleteEmailTemplate" level="Deep" />
        <RolePrivilege name="prvDeleteExchangeSyncIdMapping" level="Basic" />
        <RolePrivilege name="prvDeleteImport" level="Local" />
        <RolePrivilege name="prvDeleteImportFile" level="Local" />
        <RolePrivilege name="prvDeleteImportJob" level="Global" />
        <RolePrivilege name="prvDeleteImportMap" level="Local" />
        <RolePrivilege name="prvDeleteMailboxTrackingFolder" level="Basic" />
        <RolePrivilege name="prvDeleteMailMergeTemplate" level="Global" />
        <RolePrivilege name="prvDeleteNote" level="Local" />
        <RolePrivilege name="prvDeletePostFollow" level="Local" />
        <RolePrivilege name="prvDeleteQueue" level="Deep" />
        <RolePrivilege name="prvDeleteReport" level="Global" />
        <RolePrivilege name="prvDeleteRoutingRule" level="Global" />
        <RolePrivilege name="prvDeleteSavedQueryVisualizations" level="Global" />
        <RolePrivilege name="prvDeleteSharePointDocumentLocation" level="Global" />
        <RolePrivilege name="prvDeleteSharePointSite" level="Global" />
        <RolePrivilege name="prvDeleteSocialProfile" level="Basic" />
        <RolePrivilege name="prvDeleteSubject" level="Global" />
        <RolePrivilege name="prvDeleteUserApplicationMetadata" level="Basic" />
        <RolePrivilege name="prvDeleteUserEntityInstanceData" level="Basic" />
        <RolePrivilege name="prvDeleteUserEntityUISettings" level="Basic" />
        <RolePrivilege name="prvDeleteUserForm" level="Basic" />
        <RolePrivilege name="prvDeleteUserQuery" level="Basic" />
        <RolePrivilege name="prvDeleteUserQueryVisualizations" level="Basic" />
        <RolePrivilege name="prvDeleteWorkflow" level="Local" />
        <RolePrivilege name="prvDeleteWorkflowSession" level="Basic" />
        <RolePrivilege name="prvDocumentGeneration" level="Global" />
        <RolePrivilege name="prvExportCustomization" level="Global" />
        <RolePrivilege name="prvExportToExcel" level="Global" />
        <RolePrivilege name="prvGoOffline" level="Global" />
        <RolePrivilege name="prvImportCustomization" level="Global" />
        <RolePrivilege name="prvISVExtensions" level="Global" />
        <RolePrivilege name="prvMailMerge" level="Global" />
        <RolePrivilege name="prvMerge" level="Global" />
        <RolePrivilege name="prvOverrideCreatedOnCreatedBy" level="Global" />
        <RolePrivilege name="prvPrint" level="Global" />
        <RolePrivilege name="prvPublishArticle" level="Global" />
        <RolePrivilege name="prvPublishCustomization" level="Global" />
        <RolePrivilege name="prvPublishDuplicateRule" level="Global" />
        <RolePrivilege name="prvPublishKnowledgeArticle" level="Global" />
        <RolePrivilege name="prvPublishOrgMailMergeTemplate" level="Global" />
        <RolePrivilege name="prvPublishOrgReport" level="Global" />
        <RolePrivilege name="prvPublishRSReport" level="Global" />
        <RolePrivilege name="prvReadAccount" level="Deep" />
        <RolePrivilege name="prvReadActivity" level="Global" />
        <RolePrivilege name="prvReadApplicationFile" level="Global" />
        <RolePrivilege name="prvReadArticle" level="Global" />
        <RolePrivilege name="prvReadArticleTemplate" level="Global" />
        <RolePrivilege name="prvReadAsyncOperation" level="Local" />
        <RolePrivilege name="prvReadAttribute" level="Global" />
        <RolePrivilege name="prvReadAttributeMap" level="Global" />
        <RolePrivilege name="prvReadAuditPartitions" level="Global" />
        <RolePrivilege name="prvReadAuditSummary" level="Global" />
        <RolePrivilege name="prvReadBusinessUnit" level="Global" />
        <RolePrivilege name="prvReadChannelPropertyGroup" level="Global" />
        <RolePrivilege name="prvReadComplexControl" level="Global" />
        <RolePrivilege name="prvReadConnection" level="Global" />
        <RolePrivilege name="prvReadConnectionRole" level="Global" />
        <RolePrivilege name="prvReadContact" level="Deep" />
        <RolePrivilege name="prvReadConvertRule" level="Global" />
        <RolePrivilege name="prvReadCustomControl" level="Global" />
        <RolePrivilege name="prvReadCustomControlDefaultConfig" level="Global" />
        <RolePrivilege name="prvReadCustomControlResource" level="Global" />
        <RolePrivilege name="prvReadCustomization" level="Global" />
        <RolePrivilege name="prvReadDocumentTemplate" level="Global" />
        <RolePrivilege name="prvReadDuplicateRule" level="Local" />
        <RolePrivilege name="prvReadEmailServerProfile" level="Global" />
        <RolePrivilege name="prvReadEmailTemplate" level="Deep" />
        <RolePrivilege name="prvReadEntitlement" level="Deep" />
        <RolePrivilege name="prvReadEntity" level="Global" />
        <RolePrivilege name="prvReadEntityKey" level="Global" />
        <RolePrivilege name="prvReadEntityMap" level="Global" />
        <RolePrivilege name="prvReadExchangeSyncIdMapping" level="Basic" />
        <RolePrivilege name="prvReadFieldSecurityProfile" level="Global" />
        <RolePrivilege name="prvReadHierarchyRule" level="Global" />
        <RolePrivilege name="prvReadImport" level="Local" />
        <RolePrivilege name="prvReadImportFile" level="Local" />
        <RolePrivilege name="prvReadImportJob" level="Global" />
        <RolePrivilege name="prvReadImportMap" level="Global" />
        <RolePrivilege name="prvReadIncident" level="Global" />
        <RolePrivilege name="prvReadKnowledgeArticle" level="Global" />
        <RolePrivilege name="prvReadKnowledgeArticleViews" level="Global" />
        <RolePrivilege name="prvReadKnowledgeBaseRecord" level="Global" />
        <RolePrivilege name="prvReadLicense" level="Global" />
        <RolePrivilege name="prvReadMailbox" level="Basic" />
        <RolePrivilege name="prvReadMailboxTrackingFolder" level="Basic" />
        <RolePrivilege name="prvReadMailMergeTemplate" level="Global" />
        <RolePrivilege name="prvReadmsdyn_PostAlbum" level="Global" />
        <RolePrivilege name="prvReadmsdyn_PostConfig" level="Global" />
        <RolePrivilege name="prvReadmsdyn_PostRuleConfig" level="Global" />
        <RolePrivilege name="prvReadmsdyn_wallsavedquery" level="Global" />
        <RolePrivilege name="prvReadmsdyn_wallsavedqueryusersettings" level="Global" />
        <RolePrivilege name="prvReadnew_ApplicationConfiguration" level="Global" />
        <RolePrivilege name="prvReadnew_Recommendation" level="Global" />
        <RolePrivilege name="prvReadNote" level="Global" />
        <RolePrivilege name="prvReadOfficeGraphDocument" level="Basic" />
        <RolePrivilege name="prvReadOptionSet" level="Global" />
        <RolePrivilege name="prvReadOrganization" level="Global" />
        <RolePrivilege name="prvReadPersonalDocumentTemplate" level="Basic" />
        <RolePrivilege name="prvReadPluginAssembly" level="Global" />
        <RolePrivilege name="prvReadPluginType" level="Global" />
        <RolePrivilege name="prvReadPosition" level="Global" />
        <RolePrivilege name="prvReadPost" level="Global" />
        <RolePrivilege name="prvReadPostFollow" level="Global" />
        <RolePrivilege name="prvReadPrincipalObjectAttributeAccess" level="Global" />
        <RolePrivilege name="prvReadQuery" level="Global" />
        <RolePrivilege name="prvReadQueue" level="Deep" />
        <RolePrivilege name="prvReadRecordAuditHistory" level="Global" />
        <RolePrivilege name="prvReadRelationship" level="Global" />
        <RolePrivilege name="prvReadReport" level="Global" />
        <RolePrivilege name="prvReadRole" level="Global" />
        <RolePrivilege name="prvReadRoutingRule" level="Global" />
        <RolePrivilege name="prvReadSavedQueryVisualizations" level="Global" />
        <RolePrivilege name="prvReadSdkMessage" level="Global" />
        <RolePrivilege name="prvReadSdkMessageProcessingStep" level="Global" />
        <RolePrivilege name="prvReadSdkMessageProcessingStepImage" level="Global" />
        <RolePrivilege name="prvReadSharePointData" level="Global" />
        <RolePrivilege name="prvReadSharePointDocument" level="Global" />
        <RolePrivilege name="prvReadSharePointDocumentLocation" level="Global" />
        <RolePrivilege name="prvReadSharePointSite" level="Global" />
        <RolePrivilege name="prvReadSocialProfile" level="Basic" />
        <RolePrivilege name="prvReadSubject" level="Global" />
        <RolePrivilege name="prvReadSystemApplicationMetadata" level="Global" />
        <RolePrivilege name="prvReadSystemForm" level="Global" />
        <RolePrivilege name="prvReadTeam" level="Global" />
        <RolePrivilege name="prvReadTraceLog" level="Global" />
        <RolePrivilege name="prvReadTransactionCurrency" level="Global" />
        <RolePrivilege name="prvReadUser" level="Global" />
        <RolePrivilege name="prvReadUserApplicationMetadata" level="Basic" />
        <RolePrivilege name="prvReadUserEntityInstanceData" level="Basic" />
        <RolePrivilege name="prvReadUserEntityUISettings" level="Basic" />
        <RolePrivilege name="prvReadUserForm" level="Basic" />
        <RolePrivilege name="prvReadUserQuery" level="Basic" />
        <RolePrivilege name="prvReadUserQueryVisualizations" level="Basic" />
        <RolePrivilege name="prvReadUserSettings" level="Local" />
        <RolePrivilege name="prvReadWebResource" level="Global" />
        <RolePrivilege name="prvReadWebWizard" level="Global" />
        <RolePrivilege name="prvReadwf_AdviceOfFunds" level="Global" />
        <RolePrivilege name="prvReadwf_ApplicationReview" level="Deep" />
        <RolePrivilege name="prvReadwf_Approval" level="Global" />
        <RolePrivilege name="prvReadwf_AwardFunding" level="Global" />
        <RolePrivilege name="prvReadwf_AwardPackage" level="Deep" />
        <RolePrivilege name="prvReadwf_AwardsLetter" level="Local" />
        <RolePrivilege name="prvReadwf_Checklist405B" level="Global" />
        <RolePrivilege name="prvReadwf_Checklist405C" level="Global" />
        <RolePrivilege name="prvReadwf_Checklist405D" level="Global" />
        <RolePrivilege name="prvReadwf_Checklist405E" level="Global" />
        <RolePrivilege name="prvReadwf_Checklist405F" level="Global" />
        <RolePrivilege name="prvReadwf_Checklist405G" level="Global" />
        <RolePrivilege name="prvReadwf_Concurrence" level="Deep" />
        <RolePrivilege name="prvReadwf_Condition" level="Global" />
        <RolePrivilege name="prvReadwf_ContentReviewGuide" level="Deep" />
        <RolePrivilege name="prvReadwf_CorrectiveMeasure" level="Global" />
        <RolePrivilege name="prvReadwf_crgsection1" level="Global" />
        <RolePrivilege name="prvReadwf_CrgSection2" level="Global" />
        <RolePrivilege name="prvReadwf_CrgSection3" level="Global" />
        <RolePrivilege name="prvReadwf_CrgSection4" level="Global" />
        <RolePrivilege name="prvReadwf_FiscalYear" level="Global" />
        <RolePrivilege name="prvReadwf_FundingAllocation" level="Global" />
        <RolePrivilege name="prvReadwf_FundingSource" level="Global" />
        <RolePrivilege name="prvReadwf_gmssguidancedocument" level="Global" />
        <RolePrivilege name="prvReadwf_GrantType" level="Global" />
        <RolePrivilege name="prvReadwf_HighwaySafetyPlan" level="Global" />
        <RolePrivilege name="prvReadwf_NhtsaGrantApplication" level="Deep" />
        <RolePrivilege name="prvReadwf_PerformanceData" level="Global" />
        <RolePrivilege name="prvReadwf_PerformanceGoal" level="Global" />
        <RolePrivilege name="prvReadwf_PerformanceMeasure" level="Global" />
        <RolePrivilege name="prvReadwf_ProblemArea" level="Global" />
        <RolePrivilege name="prvReadwf_ProblemAreaType" level="Global" />
        <RolePrivilege name="prvReadwf_ProgramArea" level="Global" />
        <RolePrivilege name="prvReadwf_Project" level="Global" />
        <RolePrivilege name="prvReadwf_SpendingRule" level="Global" />
        <RolePrivilege name="prvReadwf_StateAllotment" level="Global" />
        <RolePrivilege name="prvReadwf_StateApportionment" level="Global" />
        <RolePrivilege name="prvReadwf_StateAwardDeterminationCalculator" level="Global" />
        <RolePrivilege name="prvReadwf_StateCode" level="Global" />
        <RolePrivilege name="prvReadwf_StatePortfolio" level="Global" />
        <RolePrivilege name="prvReadwf_Voucher" level="Global" />
        <RolePrivilege name="prvReadWizardAccessPrivilege" level="Global" />
        <RolePrivilege name="prvReadWizardPage" level="Global" />
        <RolePrivilege name="prvReadWorkflow" level="Global" />
        <RolePrivilege name="prvReadWorkflowSession" level="Global" />
        <RolePrivilege name="prvReparentTeam" level="Local" />
        <RolePrivilege name="prvSendAsUser" level="Global" />
        <RolePrivilege name="prvShareAccount" level="Global" />
        <RolePrivilege name="prvShareActivity" level="Deep" />
        <RolePrivilege name="prvShareConnection" level="Global" />
        <RolePrivilege name="prvShareContact" level="Global" />
        <RolePrivilege name="prvShareConvertRule" level="Global" />
        <RolePrivilege name="prvShareDuplicateRule" level="Local" />
        <RolePrivilege name="prvShareEmailTemplate" level="Deep" />
        <RolePrivilege name="prvShareImport" level="Local" />
        <RolePrivilege name="prvShareImportFile" level="Local" />
        <RolePrivilege name="prvShareImportMap" level="Global" />
        <RolePrivilege name="prvShareIncident" level="Global" />
        <RolePrivilege name="prvShareMailMergeTemplate" level="Global" />
        <RolePrivilege name="prvShareNote" level="Global" />
        <RolePrivilege name="prvShareQueue" level="Deep" />
        <RolePrivilege name="prvShareReport" level="Global" />
        <RolePrivilege name="prvShareRoutingRule" level="Global" />
        <RolePrivilege name="prvShareSharePointDocumentLocation" level="Local" />
        <RolePrivilege name="prvShareSharePointSite" level="Basic" />
        <RolePrivilege name="prvShareSocialProfile" level="Basic" />
        <RolePrivilege name="prvShareUserEntityInstanceData" level="Basic" />
        <RolePrivilege name="prvShareUserEntityUISettings" level="Basic" />
        <RolePrivilege name="prvShareUserForm" level="Basic" />
        <RolePrivilege name="prvShareUserQuery" level="Basic" />
        <RolePrivilege name="prvShareUserQueryVisualizations" level="Basic" />
        <RolePrivilege name="prvSharewf_ApplicationReview" level="Deep" />
        <RolePrivilege name="prvSharewf_Approval" level="Global" />
        <RolePrivilege name="prvSharewf_AwardPackage" level="Deep" />
        <RolePrivilege name="prvSharewf_Checklist405B" level="Global" />
        <RolePrivilege name="prvSharewf_Checklist405C" level="Global" />
        <RolePrivilege name="prvSharewf_Checklist405D" level="Global" />
        <RolePrivilege name="prvSharewf_Checklist405E" level="Global" />
        <RolePrivilege name="prvSharewf_Checklist405F" level="Global" />
        <RolePrivilege name="prvSharewf_Checklist405G" level="Global" />
        <RolePrivilege name="prvSharewf_Concurrence" level="Deep" />
        <RolePrivilege name="prvSharewf_Condition" level="Global" />
        <RolePrivilege name="prvSharewf_ContentReviewGuide" level="Deep" />
        <RolePrivilege name="prvSharewf_crgsection1" level="Global" />
        <RolePrivilege name="prvSharewf_CrgSection2" level="Global" />
        <RolePrivilege name="prvSharewf_CrgSection3" level="Global" />
        <RolePrivilege name="prvSharewf_CrgSection4" level="Global" />
        <RolePrivilege name="prvSharewf_NhtsaGrantApplication" level="Deep" />
        <RolePrivilege name="prvShareWorkflow" level="Local" />
        <RolePrivilege name="prvSyncToOutlook" level="Global" />
        <RolePrivilege name="prvUseTabletApp" level="Global" />
        <RolePrivilege name="prvWebMailMerge" level="Global" />
        <RolePrivilege name="prvWorkflowExecution" level="Global" />
        <RolePrivilege name="prvWriteAccount" level="Local" />
        <RolePrivilege name="prvWriteActivity" level="Deep" />
        <RolePrivilege name="prvWriteApplicationFile" level="Global" />
        <RolePrivilege name="prvWriteArticle" level="Global" />
        <RolePrivilege name="prvWriteArticleTemplate" level="Global" />
        <RolePrivilege name="prvWriteAsyncOperation" level="Local" />
        <RolePrivilege name="prvWriteChannelPropertyGroup" level="Global" />
        <RolePrivilege name="prvWriteComplexControl" level="Global" />
        <RolePrivilege name="prvWriteConnection" level="Global" />
        <RolePrivilege name="prvWriteConnectionRole" level="Global" />
        <RolePrivilege name="prvWriteContact" level="Local" />
        <RolePrivilege name="prvWriteConvertRule" level="Global" />
        <RolePrivilege name="prvWriteDocumentTemplate" level="Global" />
        <RolePrivilege name="prvWriteDuplicateRule" level="Local" />
        <RolePrivilege name="prvWriteEmailServerProfile" level="Global" />
        <RolePrivilege name="prvWriteEmailTemplate" level="Deep" />
        <RolePrivilege name="prvWriteExchangeSyncIdMapping" level="Basic" />
        <RolePrivilege name="prvWriteFieldSecurityProfile" level="Global" />
        <RolePrivilege name="prvWriteImport" level="Local" />
        <RolePrivilege name="prvWriteImportFile" level="Local" />
        <RolePrivilege name="prvWriteImportJob" level="Global" />
        <RolePrivilege name="prvWriteImportMap" level="Local" />
        <RolePrivilege name="prvWriteIncident" level="Global" />
        <RolePrivilege name="prvWriteKnowledgeArticle" level="Global" />
        <RolePrivilege name="prvWriteKnowledgeArticleViews" level="Global" />
        <RolePrivilege name="prvWriteKnowledgeBaseRecord" level="Global" />
        <RolePrivilege name="prvWriteMailbox" level="Basic" />
        <RolePrivilege name="prvWriteMailboxTrackingFolder" level="Basic" />
        <RolePrivilege name="prvWriteMailMergeTemplate" level="Global" />
        <RolePrivilege name="prvWritemsdyn_PostAlbum" level="Global" />
        <RolePrivilege name="prvWritemsdyn_PostConfig" level="Global" />
        <RolePrivilege name="prvWritemsdyn_PostRuleConfig" level="Global" />
        <RolePrivilege name="prvWritemsdyn_wallsavedquery" level="Global" />
        <RolePrivilege name="prvWritemsdyn_wallsavedqueryusersettings" level="Global" />
        <RolePrivilege name="prvWritenew_ApplicationConfiguration" level="Global" />
        <RolePrivilege name="prvWritenew_Recommendation" level="Global" />
        <RolePrivilege name="prvWriteNote" level="Global" />
        <RolePrivilege name="prvWriteOrganization" level="Global" />
        <RolePrivilege name="prvWritePersonalDocumentTemplate" level="Basic" />
        <RolePrivilege name="prvWritePosition" level="Global" />
        <RolePrivilege name="prvWritePrincipalObjectAttributeAccess" level="Global" />
        <RolePrivilege name="prvWriteQueue" level="Deep" />
        <RolePrivilege name="prvWriteRelationship" level="Global" />
        <RolePrivilege name="prvWriteReport" level="Global" />
        <RolePrivilege name="prvWriteRoutingRule" level="Global" />
        <RolePrivilege name="prvWriteSavedQueryVisualizations" level="Global" />
        <RolePrivilege name="prvWriteSharePointData" level="Global" />
        <RolePrivilege name="prvWriteSharePointDocumentLocation" level="Global" />
        <RolePrivilege name="prvWriteSharePointSite" level="Global" />
        <RolePrivilege name="prvWriteSocialProfile" level="Basic" />
        <RolePrivilege name="prvWriteSubject" level="Global" />
        <RolePrivilege name="prvWriteTeam" level="Global" />
        <RolePrivilege name="prvWriteUser" level="Global" />
        <RolePrivilege name="prvWriteUserApplicationMetadata" level="Basic" />
        <RolePrivilege name="prvWriteUserEntityInstanceData" level="Basic" />
        <RolePrivilege name="prvWriteUserEntityUISettings" level="Basic" />
        <RolePrivilege name="prvWriteUserForm" level="Basic" />
        <RolePrivilege name="prvWriteUserQuery" level="Basic" />
        <RolePrivilege name="prvWriteUserQueryVisualizations" level="Basic" />
        <RolePrivilege name="prvWriteUserSettings" level="Local" />
        <RolePrivilege name="prvWriteWebWizard" level="Global" />
        <RolePrivilege name="prvWritewf_AdviceOfFunds" level="Global" />
        <RolePrivilege name="prvWritewf_ApplicationReview" level="Local" />
        <RolePrivilege name="prvWritewf_Approval" level="Global" />
        <RolePrivilege name="prvWritewf_AwardFunding" level="Global" />
        <RolePrivilege name="prvWritewf_AwardPackage" level="Deep" />
        <RolePrivilege name="prvWritewf_AwardsLetter" level="Local" />
        <RolePrivilege name="prvWritewf_Checklist405B" level="Global" />
        <RolePrivilege name="prvWritewf_Checklist405C" level="Global" />
        <RolePrivilege name="prvWritewf_Checklist405D" level="Global" />
        <RolePrivilege name="prvWritewf_Checklist405E" level="Global" />
        <RolePrivilege name="prvWritewf_Checklist405F" level="Global" />
        <RolePrivilege name="prvWritewf_Checklist405G" level="Global" />
        <RolePrivilege name="prvWritewf_Concurrence" level="Deep" />
        <RolePrivilege name="prvWritewf_Condition" level="Global" />
        <RolePrivilege name="prvWritewf_ContentReviewGuide" level="Deep" />
        <RolePrivilege name="prvWritewf_CorrectiveMeasure" level="Global" />
        <RolePrivilege name="prvWritewf_crgsection1" level="Global" />
        <RolePrivilege name="prvWritewf_CrgSection2" level="Global" />
        <RolePrivilege name="prvWritewf_CrgSection3" level="Global" />
        <RolePrivilege name="prvWritewf_CrgSection4" level="Global" />
        <RolePrivilege name="prvWritewf_FiscalYear" level="Global" />
        <RolePrivilege name="prvWritewf_FundingAllocation" level="Global" />
        <RolePrivilege name="prvWritewf_FundingSource" level="Global" />
        <RolePrivilege name="prvWritewf_GrantType" level="Global" />
        <RolePrivilege name="prvWritewf_HighwaySafetyPlan" level="Global" />
        <RolePrivilege name="prvWritewf_NhtsaGrantApplication" level="Deep" />
        <RolePrivilege name="prvWritewf_PerformanceData" level="Global" />
        <RolePrivilege name="prvWritewf_PerformanceGoal" level="Global" />
        <RolePrivilege name="prvWritewf_PerformanceMeasure" level="Global" />
        <RolePrivilege name="prvWritewf_ProblemArea" level="Global" />
        <RolePrivilege name="prvWritewf_ProblemAreaType" level="Global" />
        <RolePrivilege name="prvWritewf_ProgramArea" level="Global" />
        <RolePrivilege name="prvWritewf_Project" level="Global" />
        <RolePrivilege name="prvWritewf_SpendingRule" level="Global" />
        <RolePrivilege name="prvWritewf_StateAllotment" level="Global" />
        <RolePrivilege name="prvWritewf_StateApportionment" level="Global" />
        <RolePrivilege name="prvWritewf_StateAwardDeterminationCalculator" level="Global" />
        <RolePrivilege name="prvWritewf_StateCode" level="Global" />
        <RolePrivilege name="prvWritewf_StatePortfolio" level="Global" />
        <RolePrivilege name="prvWritewf_Voucher" level="Global" />
        <RolePrivilege name="prvWriteWizardAccessPrivilege" level="Global" />
        <RolePrivilege name="prvWriteWizardPage" level="Global" />
        <RolePrivilege name="prvWriteWorkflow" level="Local" />
      </RolePrivileges>
    </Role>
    <Role id="{265506b7-56fe-e511-80e1-fc15b428865c}" name="*NHTSA State Admin">
      <IsCustomizable>1</IsCustomizable>
      <RolePrivileges>
        <RolePrivilege name="prvActOnBehalfOfAnotherUser" level="Global" />
        <RolePrivilege name="prvAppendAccount" level="Local" />
        <RolePrivilege name="prvAppendActivity" level="Local" />
        <RolePrivilege name="prvAppendChannelPropertyGroup" level="Global" />
        <RolePrivilege name="prvAppendContact" level="Local" />
        <RolePrivilege name="prvAppendConvertRule" level="Global" />
        <RolePrivilege name="prvAppendEmailServerProfile" level="Global" />
        <RolePrivilege name="prvAppendEmailTemplate" level="Deep" />
        <RolePrivilege name="prvAppendFieldSecurityProfile" level="Global" />
        <RolePrivilege name="prvAppendImportFile" level="Local" />
        <RolePrivilege name="prvAppendIncident" level="Global" />
        <RolePrivilege name="prvAppendKnowledgeArticle" level="Global" />
        <RolePrivilege name="prvAppendKnowledgeArticleViews" level="Global" />
        <RolePrivilege name="prvAppendKnowledgeBaseRecord" level="Global" />
        <RolePrivilege name="prvAppendMailbox" level="Global" />
        <RolePrivilege name="prvAppendMailboxTrackingFolder" level="Global" />
        <RolePrivilege name="prvAppendMailMergeTemplate" level="Deep" />
        <RolePrivilege name="prvAppendmsdyn_PostAlbum" level="Global" />
        <RolePrivilege name="prvAppendmsdyn_PostConfig" level="Global" />
        <RolePrivilege name="prvAppendmsdyn_PostRuleConfig" level="Global" />
        <RolePrivilege name="prvAppendmsdyn_wallsavedquery" level="Global" />
        <RolePrivilege name="prvAppendmsdyn_wallsavedqueryusersettings" level="Deep" />
        <RolePrivilege name="prvAppendnew_ApplicationConfiguration" level="Global" />
        <RolePrivilege name="prvAppendnew_Recommendation" level="Global" />
        <RolePrivilege name="prvAppendNote" level="Global" />
        <RolePrivilege name="prvAppendPosition" level="Global" />
        <RolePrivilege name="prvAppendPost" level="Global" />
        <RolePrivilege name="prvAppendPostFollow" level="Deep" />
        <RolePrivilege name="prvAppendPrincipalObjectAttributeAccess" level="Global" />
        <RolePrivilege name="prvAppendQueue" level="Deep" />
        <RolePrivilege name="prvAppendReport" level="Global" />
        <RolePrivilege name="prvAppendRoutingRule" level="Global" />
        <RolePrivilege name="prvAppendSharePointDocumentLocation" level="Global" />
        <RolePrivilege name="prvAppendSharePointSite" level="Global" />
        <RolePrivilege name="prvAppendSubject" level="Global" />
        <RolePrivilege name="prvAppendTeam" level="Global" />
        <RolePrivilege name="prvAppendToAccount" level="Local" />
        <RolePrivilege name="prvAppendToActivity" level="Local" />
        <RolePrivilege name="prvAppendToAsyncOperation" level="Local" />
        <RolePrivilege name="prvAppendToChannelPropertyGroup" level="Global" />
        <RolePrivilege name="prvAppendToContact" level="Local" />
        <RolePrivilege name="prvAppendToConvertRule" level="Global" />
        <RolePrivilege name="prvAppendToEmailServerProfile" level="Global" />
        <RolePrivilege name="prvAppendToEmailTemplate" level="Deep" />
        <RolePrivilege name="prvAppendToFieldSecurityProfile" level="Global" />
        <RolePrivilege name="prvAppendToImportFile" level="Local" />
        <RolePrivilege name="prvAppendToIncident" level="Global" />
        <RolePrivilege name="prvAppendToKnowledgeArticle" level="Global" />
        <RolePrivilege name="prvAppendToKnowledgeArticleViews" level="Global" />
        <RolePrivilege name="prvAppendToKnowledgeBaseRecord" level="Global" />
        <RolePrivilege name="prvAppendToMailbox" level="Global" />
        <RolePrivilege name="prvAppendToMailboxTrackingFolder" level="Global" />
        <RolePrivilege name="prvAppendToMailMergeTemplate" level="Deep" />
        <RolePrivilege name="prvAppendTomsdyn_PostAlbum" level="Global" />
        <RolePrivilege name="prvAppendTomsdyn_PostConfig" level="Global" />
        <RolePrivilege name="prvAppendTomsdyn_PostRuleConfig" level="Global" />
        <RolePrivilege name="prvAppendTomsdyn_wallsavedquery" level="Global" />
        <RolePrivilege name="prvAppendTomsdyn_wallsavedqueryusersettings" level="Deep" />
        <RolePrivilege name="prvAppendTonew_ApplicationConfiguration" level="Global" />
        <RolePrivilege name="prvAppendTonew_Recommendation" level="Global" />
        <RolePrivilege name="prvAppendToNote" level="Global" />
        <RolePrivilege name="prvAppendToPosition" level="Global" />
        <RolePrivilege name="prvAppendToPost" level="Global" />
        <RolePrivilege name="prvAppendToPrincipalObjectAttributeAccess" level="Global" />
        <RolePrivilege name="prvAppendToQueue" level="Deep" />
        <RolePrivilege name="prvAppendToReport" level="Global" />
        <RolePrivilege name="prvAppendToRoutingRule" level="Global" />
        <RolePrivilege name="prvAppendToSharePointDocumentLocation" level="Global" />
        <RolePrivilege name="prvAppendToSharePointSite" level="Global" />
        <RolePrivilege name="prvAppendToSubject" level="Global" />
        <RolePrivilege name="prvAppendToTeam" level="Global" />
        <RolePrivilege name="prvAppendToTraceLog" level="Global" />
        <RolePrivilege name="prvAppendToTransactionCurrency" level="Global" />
        <RolePrivilege name="prvAppendToUser" level="Global" />
        <RolePrivilege name="prvAppendToUserSettings" level="Local" />
        <RolePrivilege name="prvAppendTowf_AdviceOfFunds" level="Global" />
        <RolePrivilege name="prvAppendTowf_Approval" level="Local" />
        <RolePrivilege name="prvAppendTowf_AwardFunding" level="Global" />
        <RolePrivilege name="prvAppendTowf_Condition" level="Deep" />
        <RolePrivilege name="prvAppendTowf_FiscalYear" level="Global" />
        <RolePrivilege name="prvAppendTowf_GrantType" level="Global" />
        <RolePrivilege name="prvAppendTowf_NhtsaGrantApplication" level="Local" />
        <RolePrivilege name="prvAppendTowf_ProblemArea" level="Global" />
        <RolePrivilege name="prvAppendTowf_Project" level="Global" />
        <RolePrivilege name="prvAppendTowf_SpendingRule" level="Global" />
        <RolePrivilege name="prvAppendTowf_StateCode" level="Global" />
        <RolePrivilege name="prvAppendToWorkflow" level="Local" />
        <RolePrivilege name="prvAppendTraceLog" level="Global" />
        <RolePrivilege name="prvAppendTransactionCurrency" level="Global" />
        <RolePrivilege name="prvAppendUser" level="Global" />
        <RolePrivilege name="prvAppendwf_AdviceOfFunds" level="Global" />
        <RolePrivilege name="prvAppendwf_Approval" level="Local" />
        <RolePrivilege name="prvAppendwf_AwardFunding" level="Global" />
        <RolePrivilege name="prvAppendwf_Condition" level="Deep" />
        <RolePrivilege name="prvAppendwf_FiscalYear" level="Global" />
        <RolePrivilege name="prvAppendwf_GrantType" level="Global" />
        <RolePrivilege name="prvAppendwf_NhtsaGrantApplication" level="Local" />
        <RolePrivilege name="prvAppendwf_ProblemArea" level="Global" />
        <RolePrivilege name="prvAppendwf_Project" level="Global" />
        <RolePrivilege name="prvAppendwf_SpendingRule" level="Global" />
        <RolePrivilege name="prvAppendwf_StateCode" level="Global" />
        <RolePrivilege name="prvAppendWorkflow" level="Local" />
        <RolePrivilege name="prvApproveKnowledgeArticle" level="Global" />
        <RolePrivilege name="prvAssignAccount" level="Local" />
        <RolePrivilege name="prvAssignActivity" level="Local" />
        <RolePrivilege name="prvAssignAsyncOperation" level="Local" />
        <RolePrivilege name="prvAssignContact" level="Local" />
        <RolePrivilege name="prvAssignConvertRule" level="Global" />
        <RolePrivilege name="prvAssignEmailServerProfile" level="Global" />
        <RolePrivilege name="prvAssignEmailTemplate" level="Deep" />
        <RolePrivilege name="prvAssignImportFile" level="Local" />
        <RolePrivilege name="prvAssignIncident" level="Global" />
        <RolePrivilege name="prvAssignMailbox" level="Global" />
        <RolePrivilege name="prvAssignMailboxTrackingFolder" level="Global" />
        <RolePrivilege name="prvAssignManager" level="Local" />
        <RolePrivilege name="prvAssignmsdyn_PostAlbum" level="Global" />
        <RolePrivilege name="prvAssignNote" level="Global" />
        <RolePrivilege name="prvAssignQueue" level="Deep" />
        <RolePrivilege name="prvAssignReport" level="Global" />
        <RolePrivilege name="prvAssignRoutingRule" level="Global" />
        <RolePrivilege name="prvAssignSharePointDocumentLocation" level="Local" />
        <RolePrivilege name="prvAssignSharePointSite" level="Basic" />
        <RolePrivilege name="prvAssignUserEntityInstanceData" level="Basic" />
        <RolePrivilege name="prvAssignUserForm" level="Basic" />
        <RolePrivilege name="prvAssignUserQuery" level="Basic" />
        <RolePrivilege name="prvAssignUserQueryVisualizations" level="Basic" />
        <RolePrivilege name="prvAssignwf_Condition" level="Deep" />
        <RolePrivilege name="prvAssignwf_NhtsaGrantApplication" level="Local" />
        <RolePrivilege name="prvAssignWorkflow" level="Local" />
        <RolePrivilege name="prvBulkEdit" level="Global" />
        <RolePrivilege name="prvCreateActivity" level="Basic" />
        <RolePrivilege name="prvCreateApplicationFile" level="Global" />
        <RolePrivilege name="prvCreateComplexControl" level="Global" />
        <RolePrivilege name="prvCreateEmailTemplate" level="Deep" />
        <RolePrivilege name="prvCreateImportFile" level="Local" />
        <RolePrivilege name="prvCreateIncident" level="Basic" />
        <RolePrivilege name="prvCreateKnowledgeArticle" level="Global" />
        <RolePrivilege name="prvCreateKnowledgeArticleViews" level="Global" />
        <RolePrivilege name="prvCreateKnowledgeBaseRecord" level="Global" />
        <RolePrivilege name="prvCreateMailboxTrackingFolder" level="Basic" />
        <RolePrivilege name="prvCreateMailMergeTemplate" level="Basic" />
        <RolePrivilege name="prvCreatemsdyn_PostAlbum" level="Global" />
        <RolePrivilege name="prvCreatemsdyn_PostConfig" level="Global" />
        <RolePrivilege name="prvCreatemsdyn_PostRuleConfig" level="Global" />
        <RolePrivilege name="prvCreatemsdyn_wallsavedquery" level="Global" />
        <RolePrivilege name="prvCreatemsdyn_wallsavedqueryusersettings" level="Local" />
        <RolePrivilege name="prvCreateNote" level="Basic" />
        <RolePrivilege name="prvCreateOrgEmailTemplates" level="Global" />
        <RolePrivilege name="prvCreatePost" level="Global" />
        <RolePrivilege name="prvCreatePostFollow" level="Deep" />
        <RolePrivilege name="prvCreateQuery" level="Global" />
        <RolePrivilege name="prvCreateReport" level="Basic" />
        <RolePrivilege name="prvCreateSavedQueryVisualizations" level="Global" />
        <RolePrivilege name="prvCreateSharePointData" level="Global" />
        <RolePrivilege name="prvCreateSharePointDocumentLocation" level="Global" />
        <RolePrivilege name="prvCreateSharePointSite" level="Global" />
        <RolePrivilege name="prvCreateTraceLog" level="Global" />
        <RolePrivilege name="prvCreateUserApplicationMetadata" level="Basic" />
        <RolePrivilege name="prvCreateUserEntityInstanceData" level="Basic" />
        <RolePrivilege name="prvCreateUserEntityUISettings" level="Basic" />
        <RolePrivilege name="prvCreateUserForm" level="Basic" />
        <RolePrivilege name="prvCreateUserMapping" level="Global" />
        <RolePrivilege name="prvCreateUserQuery" level="Basic" />
        <RolePrivilege name="prvCreateUserQueryVisualizations" level="Basic" />
        <RolePrivilege name="prvCreateWebWizard" level="Global" />
        <RolePrivilege name="prvCreatewf_Approval" level="Basic" />
        <RolePrivilege name="prvCreatewf_Condition" level="Deep" />
        <RolePrivilege name="prvCreatewf_DisplayState" level="Global" />
        <RolePrivilege name="prvCreatewf_NhtsaGrantApplication" level="Local" />
        <RolePrivilege name="prvCreatewf_sharepointintegrationsetting" level="Basic" />
        <RolePrivilege name="prvCreateWizardAccessPrivilege" level="Global" />
        <RolePrivilege name="prvCreateWizardPage" level="Global" />
        <RolePrivilege name="prvCreateWorkflow" level="Local" />
        <RolePrivilege name="prvCreateWorkflowSession" level="Local" />
        <RolePrivilege name="prvDeleteActivity" level="Local" />
        <RolePrivilege name="prvDeleteAnyPost" level="Global" />
        <RolePrivilege name="prvDeleteApplicationFile" level="Global" />
        <RolePrivilege name="prvDeleteAsyncOperation" level="Local" />
        <RolePrivilege name="prvDeleteEmailTemplate" level="Basic" />
        <RolePrivilege name="prvDeleteImportJob" level="Global" />
        <RolePrivilege name="prvDeleteMailboxTrackingFolder" level="Basic" />
        <RolePrivilege name="prvDeletemsdyn_wallsavedquery" level="Global" />
        <RolePrivilege name="prvDeletemsdyn_wallsavedqueryusersettings" level="Local" />
        <RolePrivilege name="prvDeleteNote" level="Local" />
        <RolePrivilege name="prvDeletePostFollow" level="Deep" />
        <RolePrivilege name="prvDeleteSavedQueryVisualizations" level="Global" />
        <RolePrivilege name="prvDeleteUserApplicationMetadata" level="Basic" />
        <RolePrivilege name="prvDeleteUserEntityInstanceData" level="Basic" />
        <RolePrivilege name="prvDeleteUserEntityUISettings" level="Basic" />
        <RolePrivilege name="prvDeleteUserForm" level="Basic" />
        <RolePrivilege name="prvDeleteUserMapping" level="Global" />
        <RolePrivilege name="prvDeleteUserQuery" level="Basic" />
        <RolePrivilege name="prvDeleteUserQueryVisualizations" level="Basic" />
        <RolePrivilege name="prvDeleteUserSettings" level="Local" />
        <RolePrivilege name="prvDeleteWorkflow" level="Local" />
        <RolePrivilege name="prvDeleteWorkflowSession" level="Basic" />
        <RolePrivilege name="prvMerge" level="Global" />
        <RolePrivilege name="prvOneDrive" level="Global" />
        <RolePrivilege name="prvPrint" level="Global" />
        <RolePrivilege name="prvPublishDuplicateRule" level="Global" />
        <RolePrivilege name="prvPublishKnowledgeArticle" level="Global" />
        <RolePrivilege name="prvPublishOrgMailMergeTemplate" level="Global" />
        <RolePrivilege name="prvReadAccount" level="Local" />
        <RolePrivilege name="prvReadActivity" level="Local" />
        <RolePrivilege name="prvReadApplicationFile" level="Global" />
        <RolePrivilege name="prvReadAsyncOperation" level="Local" />
        <RolePrivilege name="prvReadAttribute" level="Global" />
        <RolePrivilege name="prvReadAttributeMap" level="Global" />
        <RolePrivilege name="prvReadAuditPartitions" level="Global" />
        <RolePrivilege name="prvReadAuditSummary" level="Global" />
        <RolePrivilege name="prvReadBusinessUnit" level="Global" />
        <RolePrivilege name="prvReadChannelPropertyGroup" level="Global" />
        <RolePrivilege name="prvReadComplexControl" level="Global" />
        <RolePrivilege name="prvReadContact" level="Local" />
        <RolePrivilege name="prvReadConvertRule" level="Global" />
        <RolePrivilege name="prvReadCustomControl" level="Global" />
        <RolePrivilege name="prvReadCustomControlDefaultConfig" level="Global" />
        <RolePrivilege name="prvReadCustomControlResource" level="Global" />
        <RolePrivilege name="prvReadCustomization" level="Global" />
        <RolePrivilege name="prvReadEmailServerProfile" level="Global" />
        <RolePrivilege name="prvReadEmailTemplate" level="Deep" />
        <RolePrivilege name="prvReadEntitlement" level="Global" />
        <RolePrivilege name="prvReadEntity" level="Global" />
        <RolePrivilege name="prvReadEntityKey" level="Global" />
        <RolePrivilege name="prvReadEntityMap" level="Global" />
        <RolePrivilege name="prvReadFieldSecurityProfile" level="Global" />
        <RolePrivilege name="prvReadHierarchyRule" level="Global" />
        <RolePrivilege name="prvReadImportFile" level="Local" />
        <RolePrivilege name="prvReadImportJob" level="Global" />
        <RolePrivilege name="prvReadIncident" level="Global" />
        <RolePrivilege name="prvReadKnowledgeArticle" level="Global" />
        <RolePrivilege name="prvReadKnowledgeArticleViews" level="Global" />
        <RolePrivilege name="prvReadKnowledgeBaseRecord" level="Global" />
        <RolePrivilege name="prvReadLicense" level="Global" />
        <RolePrivilege name="prvReadMailbox" level="Basic" />
        <RolePrivilege name="prvReadMailboxTrackingFolder" level="Basic" />
        <RolePrivilege name="prvReadMailMergeTemplate" level="Local" />
        <RolePrivilege name="prvReadmsdyn_PostAlbum" level="Global" />
        <RolePrivilege name="prvReadmsdyn_PostConfig" level="Global" />
        <RolePrivilege name="prvReadmsdyn_PostRuleConfig" level="Global" />
        <RolePrivilege name="prvReadmsdyn_wallsavedquery" level="Global" />
        <RolePrivilege name="prvReadmsdyn_wallsavedqueryusersettings" level="Local" />
        <RolePrivilege name="prvReadnew_ApplicationConfiguration" level="Global" />
        <RolePrivilege name="prvReadnew_Recommendation" level="Global" />
        <RolePrivilege name="prvReadNote" level="Global" />
        <RolePrivilege name="prvReadOfficeGraphDocument" level="Basic" />
        <RolePrivilege name="prvReadOptionSet" level="Global" />
        <RolePrivilege name="prvReadOrganization" level="Global" />
        <RolePrivilege name="prvReadPluginAssembly" level="Global" />
        <RolePrivilege name="prvReadPluginType" level="Global" />
        <RolePrivilege name="prvReadPosition" level="Global" />
        <RolePrivilege name="prvReadPost" level="Global" />
        <RolePrivilege name="prvReadPostFollow" level="Global" />
        <RolePrivilege name="prvReadPrincipalObjectAttributeAccess" level="Global" />
        <RolePrivilege name="prvReadQuery" level="Global" />
        <RolePrivilege name="prvReadQueue" level="Deep" />
        <RolePrivilege name="prvReadRecordAuditHistory" level="Global" />
        <RolePrivilege name="prvReadRelationship" level="Global" />
        <RolePrivilege name="prvReadReport" level="Global" />
        <RolePrivilege name="prvReadRole" level="Global" />
        <RolePrivilege name="prvReadRoutingRule" level="Global" />
        <RolePrivilege name="prvReadSavedQueryVisualizations" level="Global" />
        <RolePrivilege name="prvReadSdkMessage" level="Global" />
        <RolePrivilege name="prvReadSdkMessageProcessingStep" level="Global" />
        <RolePrivilege name="prvReadSdkMessageProcessingStepImage" level="Global" />
        <RolePrivilege name="prvReadSharePointData" level="Global" />
        <RolePrivilege name="prvReadSharePointDocument" level="Global" />
        <RolePrivilege name="prvReadSharePointDocumentLocation" level="Global" />
        <RolePrivilege name="prvReadSharePointSite" level="Global" />
        <RolePrivilege name="prvReadSubject" level="Global" />
        <RolePrivilege name="prvReadSystemApplicationMetadata" level="Global" />
        <RolePrivilege name="prvReadSystemForm" level="Global" />
        <RolePrivilege name="prvReadTeam" level="Global" />
        <RolePrivilege name="prvReadTraceLog" level="Global" />
        <RolePrivilege name="prvReadTransactionCurrency" level="Global" />
        <RolePrivilege name="prvReadUser" level="Global" />
        <RolePrivilege name="prvReadUserApplicationMetadata" level="Basic" />
        <RolePrivilege name="prvReadUserEntityInstanceData" level="Basic" />
        <RolePrivilege name="prvReadUserEntityUISettings" level="Basic" />
        <RolePrivilege name="prvReadUserForm" level="Basic" />
        <RolePrivilege name="prvReadUserMapping" level="Global" />
        <RolePrivilege name="prvReadUserQuery" level="Basic" />
        <RolePrivilege name="prvReadUserQueryVisualizations" level="Basic" />
        <RolePrivilege name="prvReadUserSettings" level="Local" />
        <RolePrivilege name="prvReadWebResource" level="Global" />
        <RolePrivilege name="prvReadWebWizard" level="Global" />
        <RolePrivilege name="prvReadwf_AdviceOfFunds" level="Global" />
        <RolePrivilege name="prvReadwf_ApplicationReview" level="Deep" />
        <RolePrivilege name="prvReadwf_Approval" level="Local" />
        <RolePrivilege name="prvReadwf_AwardFunding" level="Global" />
        <RolePrivilege name="prvReadwf_Condition" level="Deep" />
        <RolePrivilege name="prvReadwf_FiscalYear" level="Global" />
        <RolePrivilege name="prvReadwf_gmssguidancedocument" level="Global" />
        <RolePrivilege name="prvReadwf_GrantType" level="Global" />
        <RolePrivilege name="prvReadwf_NhtsaGrantApplication" level="Local" />
        <RolePrivilege name="prvReadwf_PerformanceMeasure" level="Global" />
        <RolePrivilege name="prvReadwf_ProblemArea" level="Global" />
        <RolePrivilege name="prvReadwf_ProblemAreaType" level="Global" />
        <RolePrivilege name="prvReadwf_ProgramArea" level="Global" />
        <RolePrivilege name="prvReadwf_Project" level="Global" />
        <RolePrivilege name="prvReadwf_sharepointintegrationsetting" level="Global" />
        <RolePrivilege name="prvReadwf_SpendingRule" level="Global" />
        <RolePrivilege name="prvReadwf_StateCode" level="Global" />
        <RolePrivilege name="prvReadWizardAccessPrivilege" level="Global" />
        <RolePrivilege name="prvReadWizardPage" level="Global" />
        <RolePrivilege name="prvReadWorkflow" level="Global" />
        <RolePrivilege name="prvReadWorkflowSession" level="Global" />
        <RolePrivilege name="prvSendAsUser" level="Global" />
        <RolePrivilege name="prvShareActivity" level="Local" />
        <RolePrivilege name="prvShareConvertRule" level="Global" />
        <RolePrivilege name="prvSharemsdyn_PostAlbum" level="Global" />
        <RolePrivilege name="prvShareRoutingRule" level="Global" />
        <RolePrivilege name="prvShareWorkflow" level="Local" />
        <RolePrivilege name="prvWorkflowExecution" level="Global" />
        <RolePrivilege name="prvWriteAccount" level="Local" />
        <RolePrivilege name="prvWriteActivity" level="Local" />
        <RolePrivilege name="prvWriteApplicationFile" level="Global" />
        <RolePrivilege name="prvWriteAsyncOperation" level="Local" />
        <RolePrivilege name="prvWriteChannelPropertyGroup" level="Global" />
        <RolePrivilege name="prvWriteComplexControl" level="Global" />
        <RolePrivilege name="prvWriteContact" level="Local" />
        <RolePrivilege name="prvWriteEmailServerProfile" level="Global" />
        <RolePrivilege name="prvWriteEmailTemplate" level="Deep" />
        <RolePrivilege name="prvWriteFieldSecurityProfile" level="Global" />
        <RolePrivilege name="prvWriteImportFile" level="Local" />
        <RolePrivilege name="prvWriteImportJob" level="Global" />
        <RolePrivilege name="prvWriteIncident" level="Global" />
        <RolePrivilege name="prvWriteKnowledgeArticle" level="Global" />
        <RolePrivilege name="prvWriteKnowledgeArticleViews" level="Global" />
        <RolePrivilege name="prvWriteMailbox" level="Basic" />
        <RolePrivilege name="prvWriteMailboxTrackingFolder" level="Basic" />
        <RolePrivilege name="prvWriteMailMergeTemplate" level="Local" />
        <RolePrivilege name="prvWritemsdyn_PostAlbum" level="Global" />
        <RolePrivilege name="prvWritemsdyn_PostConfig" level="Global" />
        <RolePrivilege name="prvWritemsdyn_PostRuleConfig" level="Global" />
        <RolePrivilege name="prvWritemsdyn_wallsavedquery" level="Global" />
        <RolePrivilege name="prvWritemsdyn_wallsavedqueryusersettings" level="Local" />
        <RolePrivilege name="prvWritenew_Recommendation" level="Global" />
        <RolePrivilege name="prvWriteNote" level="Global" />
        <RolePrivilege name="prvWriteOrganization" level="Global" />
        <RolePrivilege name="prvWritePosition" level="Global" />
        <RolePrivilege name="prvWritePrincipalObjectAttributeAccess" level="Global" />
        <RolePrivilege name="prvWriteQuery" level="Global" />
        <RolePrivilege name="prvWriteQueue" level="Deep" />
        <RolePrivilege name="prvWriteRelationship" level="Global" />
        <RolePrivilege name="prvWriteReport" level="Global" />
        <RolePrivilege name="prvWriteSavedQueryVisualizations" level="Global" />
        <RolePrivilege name="prvWriteSharePointData" level="Global" />
        <RolePrivilege name="prvWriteSharePointDocumentLocation" level="Global" />
        <RolePrivilege name="prvWriteSharePointSite" level="Global" />
        <RolePrivilege name="prvWriteSyncAttributeMappingProfile" level="Global" />
        <RolePrivilege name="prvWriteUser" level="Local" />
        <RolePrivilege name="prvWriteUserApplicationMetadata" level="Basic" />
        <RolePrivilege name="prvWriteUserEntityInstanceData" level="Basic" />
        <RolePrivilege name="prvWriteUserEntityUISettings" level="Basic" />
        <RolePrivilege name="prvWriteUserForm" level="Basic" />
        <RolePrivilege name="prvWriteUserMapping" level="Global" />
        <RolePrivilege name="prvWriteUserQuery" level="Basic" />
        <RolePrivilege name="prvWriteUserQueryVisualizations" level="Basic" />
        <RolePrivilege name="prvWriteUserSettings" level="Local" />
        <RolePrivilege name="prvWriteWebWizard" level="Global" />
        <RolePrivilege name="prvWritewf_ApplicationReview" level="Basic" />
        <RolePrivilege name="prvWritewf_Approval" level="Local" />
        <RolePrivilege name="prvWritewf_Condition" level="Deep" />
        <RolePrivilege name="prvWritewf_NhtsaGrantApplication" level="Local" />
        <RolePrivilege name="prvWritewf_sharepointintegrationsetting" level="Basic" />
        <RolePrivilege name="prvWriteWizardAccessPrivilege" level="Global" />
        <RolePrivilege name="prvWriteWizardPage" level="Global" />
        <RolePrivilege name="prvWriteWorkflow" level="Local" />
      </RolePrivileges>
    </Role>
    <Role id="{6f074aa4-f2bd-e511-80ec-3863bb35ddb8}" name="*NHTSA State Users">
      <IsCustomizable>1</IsCustomizable>
      <RolePrivileges>
        <RolePrivilege name="prvActOnBehalfOfAnotherUser" level="Global" />
        <RolePrivilege name="prvAddressBook" level="Global" />
        <RolePrivilege name="prvAppendAccount" level="Global" />
        <RolePrivilege name="prvAppendActivity" level="Deep" />
        <RolePrivilege name="prvAppendBusinessUnit" level="Local" />
        <RolePrivilege name="prvAppendChannelPropertyGroup" level="Global" />
        <RolePrivilege name="prvAppendContact" level="Global" />
        <RolePrivilege name="prvAppendConvertRule" level="Global" />
        <RolePrivilege name="prvAppendDocumentTemplate" level="Global" />
        <RolePrivilege name="prvAppendEmailServerProfile" level="Global" />
        <RolePrivilege name="prvAppendFieldSecurityProfile" level="Global" />
        <RolePrivilege name="prvAppendIncident" level="Global" />
        <RolePrivilege name="prvAppendKnowledgeArticle" level="Global" />
        <RolePrivilege name="prvAppendKnowledgeArticleViews" level="Global" />
        <RolePrivilege name="prvAppendKnowledgeBaseRecord" level="Global" />
        <RolePrivilege name="prvAppendmsdyn_PostAlbum" level="Global" />
        <RolePrivilege name="prvAppendmsdyn_wallsavedquery" level="Global" />
        <RolePrivilege name="prvAppendmsdyn_wallsavedqueryusersettings" level="Global" />
        <RolePrivilege name="prvAppendnew_ApplicationConfiguration" level="Global" />
        <RolePrivilege name="prvAppendnew_Recommendation" level="Global" />
        <RolePrivilege name="prvAppendNote" level="Local" />
        <RolePrivilege name="prvAppendPosition" level="Global" />
        <RolePrivilege name="prvAppendPost" level="Global" />
        <RolePrivilege name="prvAppendPostFollow" level="Local" />
        <RolePrivilege name="prvAppendPrincipalObjectAttributeAccess" level="Global" />
        <RolePrivilege name="prvAppendQueue" level="Deep" />
        <RolePrivilege name="prvAppendReport" level="Global" />
        <RolePrivilege name="prvAppendRoutingRule" level="Global" />
        <RolePrivilege name="prvAppendSharePointDocumentLocation" level="Global" />
        <RolePrivilege name="prvAppendSharePointSite" level="Global" />
        <RolePrivilege name="prvAppendSubject" level="Global" />
        <RolePrivilege name="prvAppendTeam" level="Global" />
        <RolePrivilege name="prvAppendToAccount" level="Global" />
        <RolePrivilege name="prvAppendToActivity" level="Deep" />
        <RolePrivilege name="prvAppendToAsyncOperation" level="Local" />
        <RolePrivilege name="prvAppendToBusinessUnit" level="Local" />
        <RolePrivilege name="prvAppendToContact" level="Global" />
        <RolePrivilege name="prvAppendToConvertRule" level="Global" />
        <RolePrivilege name="prvAppendToDocumentTemplate" level="Global" />
        <RolePrivilege name="prvAppendToEmailServerProfile" level="Global" />
        <RolePrivilege name="prvAppendToFieldSecurityProfile" level="Global" />
        <RolePrivilege name="prvAppendToIncident" level="Global" />
        <RolePrivilege name="prvAppendToKnowledgeArticle" level="Global" />
        <RolePrivilege name="prvAppendToKnowledgeArticleViews" level="Global" />
        <RolePrivilege name="prvAppendToKnowledgeBaseRecord" level="Global" />
        <RolePrivilege name="prvAppendTomsdyn_PostAlbum" level="Global" />
        <RolePrivilege name="prvAppendTomsdyn_wallsavedquery" level="Global" />
        <RolePrivilege name="prvAppendTomsdyn_wallsavedqueryusersettings" level="Global" />
        <RolePrivilege name="prvAppendTonew_ApplicationConfiguration" level="Global" />
        <RolePrivilege name="prvAppendTonew_Recommendation" level="Global" />
        <RolePrivilege name="prvAppendToNote" level="Local" />
        <RolePrivilege name="prvAppendToPosition" level="Global" />
        <RolePrivilege name="prvAppendToPost" level="Global" />
        <RolePrivilege name="prvAppendToPrincipalObjectAttributeAccess" level="Global" />
        <RolePrivilege name="prvAppendToQueue" level="Deep" />
        <RolePrivilege name="prvAppendToReport" level="Global" />
        <RolePrivilege name="prvAppendToRoutingRule" level="Global" />
        <RolePrivilege name="prvAppendToSharePointDocumentLocation" level="Global" />
        <RolePrivilege name="prvAppendToSharePointSite" level="Global" />
        <RolePrivilege name="prvAppendToSubject" level="Global" />
        <RolePrivilege name="prvAppendToTeam" level="Global" />
        <RolePrivilege name="prvAppendToTraceLog" level="Global" />
        <RolePrivilege name="prvAppendToTransactionCurrency" level="Global" />
        <RolePrivilege name="prvAppendToUser" level="Global" />
        <RolePrivilege name="prvAppendToUserSettings" level="Local" />
        <RolePrivilege name="prvAppendTowf_Condition" level="Local" />
        <RolePrivilege name="prvAppendTowf_FiscalYear" level="Global" />
        <RolePrivilege name="prvAppendTowf_GrantType" level="Global" />
        <RolePrivilege name="prvAppendTowf_NhtsaGrantApplication" level="Local" />
        <RolePrivilege name="prvAppendTowf_StateCode" level="Global" />
        <RolePrivilege name="prvAppendToWorkflow" level="Global" />
        <RolePrivilege name="prvAppendToWorkflowSession" level="Global" />
        <RolePrivilege name="prvAppendTraceLog" level="Global" />
        <RolePrivilege name="prvAppendTransactionCurrency" level="Global" />
        <RolePrivilege name="prvAppendUser" level="Global" />
        <RolePrivilege name="prvAppendwf_Condition" level="Local" />
        <RolePrivilege name="prvAppendwf_FiscalYear" level="Global" />
        <RolePrivilege name="prvAppendwf_GrantType" level="Global" />
        <RolePrivilege name="prvAppendwf_NhtsaGrantApplication" level="Local" />
        <RolePrivilege name="prvAppendwf_StateCode" level="Global" />
        <RolePrivilege name="prvAppendWorkflow" level="Global" />
        <RolePrivilege name="prvAppendWorkflowSession" level="Global" />
        <RolePrivilege name="prvAssignAccount" level="Global" />
        <RolePrivilege name="prvAssignActivity" level="Local" />
        <RolePrivilege name="prvAssignAsyncOperation" level="Local" />
        <RolePrivilege name="prvAssignContact" level="Local" />
        <RolePrivilege name="prvAssignConvertRule" level="Global" />
        <RolePrivilege name="prvAssignEmailServerProfile" level="Global" />
        <RolePrivilege name="prvAssignIncident" level="Global" />
        <RolePrivilege name="prvAssignKnowledgeArticle" level="Global" />
        <RolePrivilege name="prvAssignKnowledgeArticleViews" level="Global" />
        <RolePrivilege name="prvAssignManager" level="Local" />
        <RolePrivilege name="prvAssignmsdyn_wallsavedqueryusersettings" level="Global" />
        <RolePrivilege name="prvAssignNote" level="Local" />
        <RolePrivilege name="prvAssignQueue" level="Deep" />
        <RolePrivilege name="prvAssignRoutingRule" level="Global" />
        <RolePrivilege name="prvAssignSharePointDocumentLocation" level="Local" />
        <RolePrivilege name="prvAssignSharePointSite" level="Basic" />
        <RolePrivilege name="prvAssignUserEntityInstanceData" level="Basic" />
        <RolePrivilege name="prvAssignUserForm" level="Basic" />
        <RolePrivilege name="prvAssignUserQuery" level="Basic" />
        <RolePrivilege name="prvAssignUserQueryVisualizations" level="Basic" />
        <RolePrivilege name="prvAssignWorkflow" level="Local" />
        <RolePrivilege name="prvBulkEdit" level="Global" />
        <RolePrivilege name="prvCreateActivity" level="Basic" />
        <RolePrivilege name="prvCreateApplicationFile" level="Global" />
        <RolePrivilege name="prvCreateComplexControl" level="Global" />
        <RolePrivilege name="prvCreateConvertRule" level="Global" />
        <RolePrivilege name="prvCreateIncident" level="Basic" />
        <RolePrivilege name="prvCreateKnowledgeArticle" level="Global" />
        <RolePrivilege name="prvCreateKnowledgeArticleViews" level="Global" />
        <RolePrivilege name="prvCreateKnowledgeBaseRecord" level="Global" />
        <RolePrivilege name="prvCreatemsdyn_PostAlbum" level="Basic" />
        <RolePrivilege name="prvCreatemsdyn_wallsavedquery" level="Global" />
        <RolePrivilege name="prvCreatemsdyn_wallsavedqueryusersettings" level="Global" />
        <RolePrivilege name="prvCreatenew_ApplicationConfiguration" level="Global" />
        <RolePrivilege name="prvCreateNote" level="Basic" />
        <RolePrivilege name="prvCreatePost" level="Global" />
        <RolePrivilege name="prvCreatePostFollow" level="Local" />
        <RolePrivilege name="prvCreatePrincipalObjectAttributeAccess" level="Global" />
        <RolePrivilege name="prvCreateQuery" level="Global" />
        <RolePrivilege name="prvCreateRoutingRule" level="Global" />
        <RolePrivilege name="prvCreateSavedQueryVisualizations" level="Global" />
        <RolePrivilege name="prvCreateSharePointData" level="Global" />
        <RolePrivilege name="prvCreateSharePointDocumentLocation" level="Global" />
        <RolePrivilege name="prvCreateSharePointSite" level="Local" />
        <RolePrivilege name="prvCreateTraceLog" level="Global" />
        <RolePrivilege name="prvCreateUserApplicationMetadata" level="Basic" />
        <RolePrivilege name="prvCreateUserEntityInstanceData" level="Basic" />
        <RolePrivilege name="prvCreateUserEntityUISettings" level="Basic" />
        <RolePrivilege name="prvCreateUserForm" level="Basic" />
        <RolePrivilege name="prvCreateUserMapping" level="Global" />
        <RolePrivilege name="prvCreateUserQuery" level="Basic" />
        <RolePrivilege name="prvCreateUserQueryVisualizations" level="Basic" />
        <RolePrivilege name="prvCreateWebWizard" level="Global" />
        <RolePrivilege name="prvCreatewf_Condition" level="Local" />
        <RolePrivilege name="prvCreatewf_DisplayState" level="Global" />
        <RolePrivilege name="prvCreatewf_NhtsaGrantApplication" level="Local" />
        <RolePrivilege name="prvCreatewf_sharepointintegrationsetting" level="Basic" />
        <RolePrivilege name="prvCreateWizardAccessPrivilege" level="Global" />
        <RolePrivilege name="prvCreateWizardPage" level="Global" />
        <RolePrivilege name="prvCreateWorkflowSession" level="Local" />
        <RolePrivilege name="prvDeleteActivity" level="Basic" />
        <RolePrivilege name="prvDeleteApplicationFile" level="Global" />
        <RolePrivilege name="prvDeleteAsyncOperation" level="Local" />
        <RolePrivilege name="prvDeleteImportJob" level="Global" />
        <RolePrivilege name="prvDeletemsdyn_PostAlbum" level="Basic" />
        <RolePrivilege name="prvDeletemsdyn_wallsavedquery" level="Global" />
        <RolePrivilege name="prvDeletemsdyn_wallsavedqueryusersettings" level="Global" />
        <RolePrivilege name="prvDeleteNote" level="Basic" />
        <RolePrivilege name="prvDeletePostFollow" level="Local" />
        <RolePrivilege name="prvDeleteSavedQueryVisualizations" level="Global" />
        <RolePrivilege name="prvDeleteSharePointDocumentLocation" level="Global" />
        <RolePrivilege name="prvDeleteUserApplicationMetadata" level="Basic" />
        <RolePrivilege name="prvDeleteUserEntityInstanceData" level="Basic" />
        <RolePrivilege name="prvDeleteUserEntityUISettings" level="Basic" />
        <RolePrivilege name="prvDeleteUserForm" level="Basic" />
        <RolePrivilege name="prvDeleteUserQuery" level="Basic" />
        <RolePrivilege name="prvDeleteUserQueryVisualizations" level="Basic" />
        <RolePrivilege name="prvDeleteWorkflow" level="Local" />
        <RolePrivilege name="prvDeleteWorkflowSession" level="Basic" />
        <RolePrivilege name="prvISVExtensions" level="Global" />
        <RolePrivilege name="prvMerge" level="Global" />
        <RolePrivilege name="prvPrint" level="Global" />
        <RolePrivilege name="prvReadAccount" level="Local" />
        <RolePrivilege name="prvReadActivity" level="Local" />
        <RolePrivilege name="prvReadApplicationFile" level="Global" />
        <RolePrivilege name="prvReadAsyncOperation" level="Local" />
        <RolePrivilege name="prvReadAttribute" level="Global" />
        <RolePrivilege name="prvReadAttributeMap" level="Global" />
        <RolePrivilege name="prvReadBusinessUnit" level="Global" />
        <RolePrivilege name="prvReadChannelPropertyGroup" level="Global" />
        <RolePrivilege name="prvReadComplexControl" level="Global" />
        <RolePrivilege name="prvReadContact" level="Local" />
        <RolePrivilege name="prvReadConvertRule" level="Global" />
        <RolePrivilege name="prvReadCustomControl" level="Global" />
        <RolePrivilege name="prvReadCustomControlDefaultConfig" level="Global" />
        <RolePrivilege name="prvReadCustomControlResource" level="Global" />
        <RolePrivilege name="prvReadCustomization" level="Global" />
        <RolePrivilege name="prvReadDocumentTemplate" level="Global" />
        <RolePrivilege name="prvReadEmailServerProfile" level="Global" />
        <RolePrivilege name="prvReadEntitlement" level="Local" />
        <RolePrivilege name="prvReadEntity" level="Global" />
        <RolePrivilege name="prvReadEntityKey" level="Global" />
        <RolePrivilege name="prvReadEntityMap" level="Global" />
        <RolePrivilege name="prvReadFieldSecurityProfile" level="Global" />
        <RolePrivilege name="prvReadHierarchyRule" level="Global" />
        <RolePrivilege name="prvReadImportJob" level="Global" />
        <RolePrivilege name="prvReadIncident" level="Global" />
        <RolePrivilege name="prvReadKnowledgeArticle" level="Global" />
        <RolePrivilege name="prvReadKnowledgeArticleViews" level="Global" />
        <RolePrivilege name="prvReadKnowledgeBaseRecord" level="Global" />
        <RolePrivilege name="prvReadMailbox" level="Basic" />
        <RolePrivilege name="prvReadmsdyn_PostAlbum" level="Local" />
        <RolePrivilege name="prvReadmsdyn_wallsavedquery" level="Global" />
        <RolePrivilege name="prvReadmsdyn_wallsavedqueryusersettings" level="Global" />
        <RolePrivilege name="prvReadnew_ApplicationConfiguration" level="Global" />
        <RolePrivilege name="prvReadnew_Recommendation" level="Global" />
        <RolePrivilege name="prvReadNote" level="Local" />
        <RolePrivilege name="prvReadOfficeGraphDocument" level="Basic" />
        <RolePrivilege name="prvReadOptionSet" level="Global" />
        <RolePrivilege name="prvReadOrganization" level="Global" />
        <RolePrivilege name="prvReadPluginAssembly" level="Global" />
        <RolePrivilege name="prvReadPluginType" level="Global" />
        <RolePrivilege name="prvReadPosition" level="Global" />
        <RolePrivilege name="prvReadPost" level="Global" />
        <RolePrivilege name="prvReadPostFollow" level="Global" />
        <RolePrivilege name="prvReadPrincipalObjectAttributeAccess" level="Global" />
        <RolePrivilege name="prvReadQuery" level="Global" />
        <RolePrivilege name="prvReadQueue" level="Deep" />
        <RolePrivilege name="prvReadRelationship" level="Global" />
        <RolePrivilege name="prvReadReport" level="Global" />
        <RolePrivilege name="prvReadRole" level="Global" />
        <RolePrivilege name="prvReadRoutingRule" level="Global" />
        <RolePrivilege name="prvReadSavedQueryVisualizations" level="Global" />
        <RolePrivilege name="prvReadSdkMessage" level="Global" />
        <RolePrivilege name="prvReadSdkMessageProcessingStep" level="Global" />
        <RolePrivilege name="prvReadSdkMessageProcessingStepImage" level="Global" />
        <RolePrivilege name="prvReadSharePointData" level="Global" />
        <RolePrivilege name="prvReadSharePointDocument" level="Global" />
        <RolePrivilege name="prvReadSharePointDocumentLocation" level="Global" />
        <RolePrivilege name="prvReadSharePointSite" level="Local" />
        <RolePrivilege name="prvReadSubject" level="Global" />
        <RolePrivilege name="prvReadSystemApplicationMetadata" level="Global" />
        <RolePrivilege name="prvReadSystemForm" level="Global" />
        <RolePrivilege name="prvReadTeam" level="Global" />
        <RolePrivilege name="prvReadTraceLog" level="Global" />
        <RolePrivilege name="prvReadTransactionCurrency" level="Global" />
        <RolePrivilege name="prvReadUser" level="Global" />
        <RolePrivilege name="prvReadUserApplicationMetadata" level="Basic" />
        <RolePrivilege name="prvReadUserEntityInstanceData" level="Basic" />
        <RolePrivilege name="prvReadUserEntityUISettings" level="Basic" />
        <RolePrivilege name="prvReadUserForm" level="Basic" />
        <RolePrivilege name="prvReadUserMapping" level="Global" />
        <RolePrivilege name="prvReadUserQuery" level="Basic" />
        <RolePrivilege name="prvReadUserQueryVisualizations" level="Basic" />
        <RolePrivilege name="prvReadUserSettings" level="Local" />
        <RolePrivilege name="prvReadWebResource" level="Global" />
        <RolePrivilege name="prvReadWebWizard" level="Global" />
        <RolePrivilege name="prvReadwf_Condition" level="Local" />
        <RolePrivilege name="prvReadwf_FiscalYear" level="Global" />
        <RolePrivilege name="prvReadwf_gmssguidancedocument" level="Global" />
        <RolePrivilege name="prvReadwf_GrantType" level="Global" />
        <RolePrivilege name="prvReadwf_NhtsaGrantApplication" level="Local" />
        <RolePrivilege name="prvReadwf_sharepointintegrationsetting" level="Global" />
        <RolePrivilege name="prvReadwf_StateCode" level="Global" />
        <RolePrivilege name="prvReadWizardAccessPrivilege" level="Global" />
        <RolePrivilege name="prvReadWizardPage" level="Global" />
        <RolePrivilege name="prvReadWorkflow" level="Global" />
        <RolePrivilege name="prvReadWorkflowSession" level="Global" />
        <RolePrivilege name="prvSendAsUser" level="Global" />
        <RolePrivilege name="prvShareAccount" level="Global" />
        <RolePrivilege name="prvShareActivity" level="Local" />
        <RolePrivilege name="prvShareContact" level="Local" />
        <RolePrivilege name="prvShareConvertRule" level="Global" />
        <RolePrivilege name="prvShareEmailServerProfile" level="Global" />
        <RolePrivilege name="prvSharemsdyn_wallsavedqueryusersettings" level="Global" />
        <RolePrivilege name="prvShareNote" level="Local" />
        <RolePrivilege name="prvShareQueue" level="Deep" />
        <RolePrivilege name="prvShareRoutingRule" level="Global" />
        <RolePrivilege name="prvShareSharePointDocumentLocation" level="Local" />
        <RolePrivilege name="prvShareSharePointSite" level="Basic" />
        <RolePrivilege name="prvShareUserEntityInstanceData" level="Basic" />
        <RolePrivilege name="prvShareUserEntityUISettings" level="Basic" />
        <RolePrivilege name="prvShareUserForm" level="Basic" />
        <RolePrivilege name="prvShareUserQuery" level="Basic" />
        <RolePrivilege name="prvShareUserQueryVisualizations" level="Basic" />
        <RolePrivilege name="prvShareWorkflow" level="Local" />
        <RolePrivilege name="prvWorkflowExecution" level="Global" />
        <RolePrivilege name="prvWriteAccount" level="Basic" />
        <RolePrivilege name="prvWriteActivity" level="Basic" />
        <RolePrivilege name="prvWriteApplicationFile" level="Global" />
        <RolePrivilege name="prvWriteAsyncOperation" level="Local" />
        <RolePrivilege name="prvWriteComplexControl" level="Global" />
        <RolePrivilege name="prvWriteContact" level="Basic" />
        <RolePrivilege name="prvWriteConvertRule" level="Global" />
        <RolePrivilege name="prvWriteImportJob" level="Global" />
        <RolePrivilege name="prvWriteIncident" level="Local" />
        <RolePrivilege name="prvWriteKnowledgeArticle" level="Global" />
        <RolePrivilege name="prvWriteKnowledgeArticleViews" level="Global" />
        <RolePrivilege name="prvWriteKnowledgeBaseRecord" level="Global" />
        <RolePrivilege name="prvWritemsdyn_PostAlbum" level="Local" />
        <RolePrivilege name="prvWritemsdyn_wallsavedquery" level="Global" />
        <RolePrivilege name="prvWritemsdyn_wallsavedqueryusersettings" level="Global" />
        <RolePrivilege name="prvWritenew_Recommendation" level="Global" />
        <RolePrivilege name="prvWriteNote" level="Local" />
        <RolePrivilege name="prvWriteRelationship" level="Global" />
        <RolePrivilege name="prvWriteRoutingRule" level="Global" />
        <RolePrivilege name="prvWriteSavedQueryVisualizations" level="Global" />
        <RolePrivilege name="prvWriteSharePointData" level="Global" />
        <RolePrivilege name="prvWriteSharePointDocumentLocation" level="Global" />
        <RolePrivilege name="prvWriteSharePointSite" level="Global" />
        <RolePrivilege name="prvWriteUserApplicationMetadata" level="Basic" />
        <RolePrivilege name="prvWriteUserEntityInstanceData" level="Basic" />
        <RolePrivilege name="prvWriteUserEntityUISettings" level="Basic" />
        <RolePrivilege name="prvWriteUserForm" level="Basic" />
        <RolePrivilege name="prvWriteUserMapping" level="Global" />
        <RolePrivilege name="prvWriteUserQuery" level="Basic" />
        <RolePrivilege name="prvWriteUserQueryVisualizations" level="Basic" />
        <RolePrivilege name="prvWriteUserSettings" level="Local" />
        <RolePrivilege name="prvWriteWebWizard" level="Global" />
        <RolePrivilege name="prvWritewf_Condition" level="Local" />
        <RolePrivilege name="prvWritewf_NhtsaGrantApplication" level="Local" />
        <RolePrivilege name="prvWritewf_sharepointintegrationsetting" level="Basic" />
        <RolePrivilege name="prvWriteWizardAccessPrivilege" level="Global" />
        <RolePrivilege name="prvWriteWizardPage" level="Global" />
        <RolePrivilege name="prvWriteWorkflowSession" level="Global" />
      </RolePrivileges>
    </Role>
  </Roles>
  <Workflows></Workflows>
  <FieldSecurityProfiles></FieldSecurityProfiles>
  <Templates />
  <EntityMaps />
  <EntityRelationships />
  <OrganizationSettings />
  <optionsets />
  <Languages>
    <Language>1033</Language>
  </Languages>
</ImportExportXml>