<ImportExportXml xmlns:xsi="http://www.w3.org/2001/XMLSchema-instance">
  <Entities></Entities>
  <Roles></Roles>
  <Workflows></Workflows>
  <FieldSecurityProfiles></FieldSecurityProfiles>
  <Templates />
  <EntityMaps />
  <EntityRelationships />
  <OrganizationSettings />
  <optionsets />
  <WebResources>
    <WebResource>
      <WebResourceId>{21bd265a-95dc-e511-80eb-c4346bac3990}</WebResourceId>
      <Name>wf_gmss/scripts/GMSS_NHTSAGrantApp.js</Name>
      <DisplayName>gmss/scripts/GMSS_NHTSAGrantApp.js</DisplayName>
      <Description>Includes javascript functions for the NHTSA Grant entity</Description>
      <WebResourceType>3</WebResourceType>
      <IntroducedVersion>1.0.0.1</IntroducedVersion>
      <IsEnabledForMobileClient>0</IsEnabledForMobileClient>
      <IsCustomizable>1</IsCustomizable>
      <CanBeDeleted>1</CanBeDeleted>
      <IsHidden>0</IsHidden>
      <FileName>/WebResources/wf_gmssscriptsGMSS_NHTSAGrantAppjs21BD265A-95DC-E511-80EB-C4346BAC3990</FileName>
    </WebResource>
  </WebResources>
  <Languages>
    <Language>1033</Language>
  </Languages>
</ImportExportXml>